id,name,address,city,postal_code,region_id,facility_type,telephone,email,website,cost_estimate,quality_score,data_source,attribution
1860,Ospedale San Camillo-Forlanini,Circonvallazione Gianicolense 87,Roma,,380,Ospedale Pubblico,06 58701,,,187.74,3.3,Salute Lazio,Regione Lazio - Strutture sanitarie
1861,Policlinico Gemelli,Largo Agostino Gemelli 8,Roma,,380,Policlinico Universitario,06 30151,,,204.45,4.8,Salute Lazio,Regione Lazio - Strutture sanitarie
1862,Ospedale Sant'Eugenio,Piazzale dell'Umanesimo 10,Roma,,380,Ospedale Pubblico,06 51001,,,165.82,4.8,Salute Lazio,Regione Lazio - Strutture sanitarie
1863,Ospedale San Filippo Neri,Via Giovanni Martinotti 20,Roma,,380,Ospedale Pubblico,06 33061,,,,4.7,Salute Lazio,Regione Lazio - Strutture sanitarie
1864,Ospedale Sandro Pertini,Via dei Monti Tiburtini 385,Roma,,380,Ospedale Pubblico,06 41431,,,232.03,4.2,Salute Lazio,Regione Lazio - Strutture sanitarie
1865,Ospedale Regina Apostolorum,Via San Francesco 50,Albano Laziale,,380,Ospedale Privato Convenzionato,06 932981,,,256.5,4.6,Salute Lazio,Regione Lazio - Strutture sanitarie
1866,Ospedale Sant'Andrea,Via di Grottarossa 1035,Roma,,380,Ospedale Universitario,06 33771,,,,4.4,Salute Lazio,Regione Lazio - Strutture sanitarie
1867,Ospedale Pediatrico Bambino Gesu,Piazza Sant'Onofrio 4,Roma,,380,Ospedale Pediatrico,06 68591,,,184.29,3.4,Salute Lazio,Regione Lazio - Strutture sanitarie
1868,IDI - Istituto Dermopatico dell'Immacolata,Via dei Monti di Creta 104,Roma,,380,Istituto Dermatologico,06 66461,,,157.84,4.1,Salute Lazio,Regione Lazio - Strutture sanitarie
1869,Ospedale Spallanzani,Via Portuense 292,Roma,,380,Istituto Specializzato Malattie Infettive,06 55170,,,175.29,4.2,Salute Lazio,Regione Lazio - Strutture sanitarie
1870,Campus Bio-Medico,Via lvaro del Portillo 200,Roma,,380,Policlinico Universitario,06 225411,,,196.56,3.5,Salute Lazio,Regione Lazio - Strutture sanitarie
1871,Ospedale Niguarda,Piazza Ospedale Maggiore 3,Milano,,381,Ospedale Pubblico,02 64441,info@ospedaleniguarda.it,,126.85,4.9,Lombardia Open Data,Regione Lombardia - Elenco delle strutture sanitarie accreditate
1872,Istituto Nazionale dei Tumori,Via Venezian 1,Milano,,381,IRCCS Pubblico,02 23901,urp@istitutotumori.mi.it,,85.75,2.6,Lombardia Open Data,Regione Lombardia - Elenco delle strutture sanitarie accreditate
1873,Ospedale San Raffaele,Via Olgettina 60,Milano,,381,IRCCS Privato,02 26431,info@hsr.it,,70.79,4.6,Lombardia Open Data,Regione Lombardia - Elenco delle strutture sanitarie accreditate
1874,Ospedale Maggiore Policlinico,Via Francesco Sforza 35,Milano,,381,IRCCS Pubblico,02 55031,info@policlinico.mi.it,,97.73,4.9,Lombardia Open Data,Regione Lombardia - Elenco delle strutture sanitarie accreditate
1875,Humanitas Research Hospital,Via Manzoni 56,Rozzano,,381,IRCCS Privato,02 82241,info@humanitas.it,,,4.7,Lombardia Open Data,Regione Lombardia - Elenco delle strutture sanitarie accreditate
1876,Ospedale San Paolo,Via Antonio di Rudin 8,Milano,,381,Ospedale Pubblico,02 81841,urp@asst-santipaolocarlo.it,,,5.0,Lombardia Open Data,Regione Lombardia - Elenco delle strutture sanitarie accreditate
1877,Ospedale San Carlo Borromeo,Via Pio II 3,Milano,,381,Ospedale Pubblico,02 40221,urp@asst-santipaolocarlo.it,,172.53,4.2,Lombardia Open Data,Regione Lombardia - Elenco delle strutture sanitarie accreditate
1878,Istituto Ortopedico Galeazzi,Via Riccardo Galeazzi 4,Milano,,381,IRCCS Privato,02 6621,info.iog@grupposandonato.it,,294.93,4.8,Lombardia Open Data,Regione Lombardia - Elenco delle strutture sanitarie accreditate
1879,Policlinico San Donato,Piazza Edmondo Malan 2,San Donato Milanese,,381,IRCCS Privato,02 52771,info.psd@grupposandonato.it,,,3.1,Lombardia Open Data,Regione Lombardia - Elenco delle strutture sanitarie accreditate
1880,Ospedale Luigi Sacco,Via Giovanni Battista Grassi 74,Milano,,381,Ospedale Pubblico,02 39041,urp@asst-fbf-sacco.it,,68.63,3.8,Lombardia Open Data,Regione Lombardia - Elenco delle strutture sanitarie accreditate
1881,Ospedale Fatebenefratelli,Piazzale Principessa Clotilde 3,Milano,,381,Ospedale Privato,02 63631,urp@asst-fbf-sacco.it,,,4.8,Lombardia Open Data,Regione Lombardia - Elenco delle strutture sanitarie accreditate
1882,Spedali Civili di Brescia,Piazzale Spedali Civili 1,Brescia,,381,Ospedale Pubblico,030 39951,urp@asst-spedalicivili.it,,124.71,4.6,Lombardia Open Data,Regione Lombardia - Elenco delle strutture sanitarie accreditate
1883,Ospedale Papa Giovanni XXIII,Piazza OMS 1,Bergamo,,381,Ospedale Pubblico,035 267111,urp@asst-pg23.it,,259.88,2.5,Lombardia Open Data,Regione Lombardia - Elenco delle strutture sanitarie accreditate
1884,Ospedale di Circolo e Fondazione Macchi,Viale Luigi Borri 57,Varese,,381,Ospedale Pubblico,0332 278111,urp@asst-settelaghi.it,,163.55,3.1,Lombardia Open Data,Regione Lombardia - Elenco delle strutture sanitarie accreditate
1885,Ospedale San Matteo,Viale Camillo Golgi 19,Pavia,,381,IRCCS Pubblico,0382 5011,urp@smatteo.pv.it,,,2.6,Lombardia Open Data,Regione Lombardia - Elenco delle strutture sanitarie accreditate
1886,Ospedale Civico Di Cristina Benfratelli,Piazza Nicola Leotta 4,Palermo,,382,Ospedale Pubblico,091 666 1111,,,,2.7,Sicilia Open Data,Regione Sicilia - Strutture sanitarie
1887,Policlinico Paolo Giaccone,Via del Vespro 129,Palermo,,382,Policlinico Universitario,091 655 1111,,,116.18,2.6,Sicilia Open Data,Regione Sicilia - Strutture sanitarie
1888,Ospedale Buccheri La Ferla,Via Messina Marine 197,Palermo,,382,Ospedale Privato,091 479 111,,,172.73,4.7,Sicilia Open Data,Regione Sicilia - Strutture sanitarie
1889,Ospedale Villa Sofia-Cervello,Viale Strasburgo 233,Palermo,,382,Ospedale Pubblico,091 780 8111,,,,4.1,Sicilia Open Data,Regione Sicilia - Strutture sanitarie
1890,ISMETT,Via Ernesto Tricomi 5,Palermo,,382,IRCCS Privato,091 219 2111,,,,3.3,Sicilia Open Data,Regione Sicilia - Strutture sanitarie
1891,Policlinico Vittorio Emanuele,Via Santa Sofia 78,Catania,,382,Policlinico Universitario,095 378 1111,,,241.86,4.9,Sicilia Open Data,Regione Sicilia - Strutture sanitarie
1892,Ospedale Cannizzaro,Via Messina 829,Catania,,382,Ospedale Pubblico,095 726 1111,,,173.33,2.6,Sicilia Open Data,Regione Sicilia - Strutture sanitarie
1893,Ospedale Garibaldi Centro,Piazza Santa Maria di Ges 5,Catania,,382,Ospedale Pubblico,095 759 4111,,,151.98,3.6,Sicilia Open Data,Regione Sicilia - Strutture sanitarie
1894,Ospedale Papardo,Contrada Papardo,Messina,,382,Ospedale Pubblico,090 399 6111,,,270.23,4.2,Sicilia Open Data,Regione Sicilia - Strutture sanitarie
1895,Policlinico G. Martino,Via Consolare Valeria 1,Messina,,382,Policlinico Universitario,090 221 2111,,,170.85,3.7,Sicilia Open Data,Regione Sicilia - Strutture sanitarie
1896,Ospedale Civile OMPA,Via Pompei 1,Ragusa,,382,Ospedale Pubblico,0932 600 111,,,,4.8,Sicilia Open Data,Regione Sicilia - Strutture sanitarie
1897,Ospedale Giovanni Paolo II,Contrada Zaiera,Ragusa,,382,Ospedale Pubblico,0932 600 211,,,215.12,2.5,Sicilia Open Data,Regione Sicilia - Strutture sanitarie
1898,Policlinico Sant'Orsola-Malpighi,Via Albertoni 15,Bologna,,383,Policlinico Universitario,051 636 1111,urp@aosp.bo.it,,53.6,3.8,Emilia-Romagna Open Data,Regione Emilia-Romagna - Strutture sanitarie
1899,Ospedale Maggiore,Largo Bartolo Nigrisoli 2,Bologna,,383,Ospedale Pubblico,051 647 8111,urp@ausl.bologna.it,,,4.3,Emilia-Romagna Open Data,Regione Emilia-Romagna - Strutture sanitarie
1900,Istituto Ortopedico Rizzoli,Via G. C. Pupilli 1,Bologna,,383,IRCCS Pubblico,051 636 6111,urp@ior.it,,260.59,2.7,Emilia-Romagna Open Data,Regione Emilia-Romagna - Strutture sanitarie
1901,Ospedale Bellaria,Via Altura 3,Bologna,,383,Ospedale Pubblico,051 622 5111,urp@ausl.bologna.it,,197.65,3.6,Emilia-Romagna Open Data,Regione Emilia-Romagna - Strutture sanitarie
1902,Azienda Ospedaliero-Universitaria di Parma,Via Gramsci 14,Parma,,383,Policlinico Universitario,0521 702 111,urp@ao.pr.it,,,5.0,Emilia-Romagna Open Data,Regione Emilia-Romagna - Strutture sanitarie
1903,Ospedale di Baggiovara,Via Pietro Giardini 1355,Modena,,383,Ospedale Pubblico,059 396 1111,urp@policlinico.mo.it,,162.83,3.3,Emilia-Romagna Open Data,Regione Emilia-Romagna - Strutture sanitarie
1904,Arcispedale Santa Maria Nuova,Viale Risorgimento 80,Reggio Emilia,,383,Ospedale Pubblico,0522 296 111,urp@ausl.re.it,,256.01,4.4,Emilia-Romagna Open Data,Regione Emilia-Romagna - Strutture sanitarie
1905,Ospedale Infermi,Viale Luigi Settembrini 2,Rimini,,383,Ospedale Pubblico,0541 705 111,urp@auslromagna.it,,280.52,2.8,Emilia-Romagna Open Data,Regione Emilia-Romagna - Strutture sanitarie
1906,Ospedale Bufalini,Viale Giovanni Ghirotti 286,Cesena,,383,Ospedale Pubblico,0547 352 111,urp@auslromagna.it,,,4.3,Emilia-Romagna Open Data,Regione Emilia-Romagna - Strutture sanitarie
1907,Ospedale M. Bufalini,Viale Giovanni Ghirotti 286,Cesena,,383,Ospedale Pubblico,0547 352 111,urp@auslromagna.it,,221.35,3.2,Emilia-Romagna Open Data,Regione Emilia-Romagna - Strutture sanitarie
1908,Ospedale Morgagni - Pierantoni,Via Carlo Forlanini 34,Forl,,383,Ospedale Pubblico,0543 731 111,urp@auslromagna.it,,272.72,4.2,Emilia-Romagna Open Data,Regione Emilia-Romagna - Strutture sanitarie
1909,Ospedale Santa Maria delle Croci,Viale Vincenzo Randi 5,Ravenna,,383,Ospedale Pubblico,0544 285 111,urp@auslromagna.it,,142.36,3.7,Emilia-Romagna Open Data,Regione Emilia-Romagna - Strutture sanitarie
1910,Ospedale Antonio Cardarelli,Via Antonio Cardarelli 9,Napoli,,384,Ospedale Pubblico,081 747 1111,,,70.34,4.0,Campania Open Data,Regione Campania - Strutture sanitarie
1911,Policlinico Federico II,Via Sergio Pansini 5,Napoli,,384,Policlinico Universitario,081 746 1111,,,215.5,4.3,Campania Open Data,Regione Campania - Strutture sanitarie
1912,Ospedale del Mare,Via Enrico Russo,Napoli,,384,Ospedale Pubblico,081 187 2111,,,,4.4,Campania Open Data,Regione Campania - Strutture sanitarie
1913,AORN Dei Colli - Monaldi,Via Leonardo Bianchi,Napoli,,384,Ospedale Pubblico,081 706 2111,,,102.6,3.3,Campania Open Data,Regione Campania - Strutture sanitarie
1914,AORN Dei Colli - Cotugno,Via Gaetano Quagliariello 54,Napoli,,384,Ospedale Pubblico,081 590 8111,,,134.99,3.4,Campania Open Data,Regione Campania - Strutture sanitarie
1915,Ospedale Santobono,Via Mario Fiore 6,Napoli,,384,Ospedale Pediatrico,081 755 6111,,,213.14,3.5,Campania Open Data,Regione Campania - Strutture sanitarie
1916,Ospedale Rummo,Via dell'Angelo 1,Benevento,,384,Ospedale Pubblico,0824 571 11,,,270.59,4.3,Campania Open Data,Regione Campania - Strutture sanitarie
1917,Azienda Ospedaliera San Giuseppe Moscati,Contrada Amoretta,Avellino,,384,Ospedale Pubblico,0825 203 111,,,,3.2,Campania Open Data,Regione Campania - Strutture sanitarie
1918,Azienda Ospedaliera San Sebastiano,Via Palasciano,Caserta,,384,Ospedale Pubblico,0823 232 111,,,,4.1,Campania Open Data,Regione Campania - Strutture sanitarie
1919,Ospedale San Leonardo,Via Sant'Anna,Castellammare di Stabia,,384,Ospedale Pubblico,081 872 1111,,,72.62,3.8,Campania Open Data,Regione Campania - Strutture sanitarie
1920,Casa di Cura Villa dei Fiori,Corso Italia 157,Acerra,,384,Ospedale Privato,081 361 9111,,,289.33,3.6,Campania Open Data,Regione Campania - Strutture sanitarie
1921,Clinica Mediterranea,Via Orazio 2,Napoli,,384,Ospedale Privato,081 764 0111,,,215.21,3.5,Campania Open Data,Regione Campania - Strutture sanitarie
1922,Azienda Ospedaliera di Padova,Via Giustiniani 2,Padova,,385,Ospedale Pubblico,049 821 1111,urp@aopd.veneto.it,,193.27,3.9,Veneto Open Data,Regione Veneto - Strutture sanitarie
1923,Ospedale dell'Angelo,Via Paccagnella 11,Venezia,,385,Ospedale Pubblico,041 965 7111,urpve@aulss3.veneto.it,,213.87,3.9,Veneto Open Data,Regione Veneto - Strutture sanitarie
1924,Ospedale San Bortolo,Viale Rodolfi 37,Vicenza,,385,Ospedale Pubblico,0444 753 111,urp@aulss8.veneto.it,,,4.7,Veneto Open Data,Regione Veneto - Strutture sanitarie
1925,Ospedale Ca' Foncello,Piazza Ospedale 1,Treviso,,385,Ospedale Pubblico,0422 322 111,urp@aulss2.veneto.it,,,2.6,Veneto Open Data,Regione Veneto - Strutture sanitarie
1926,Ospedale di Mestre,Via Circonvallazione 50,Venezia,,385,Ospedale Pubblico,041 260 7111,urpve@aulss3.veneto.it,,163.65,4.4,Veneto Open Data,Regione Veneto - Strutture sanitarie
1927,Ospedale di Dolo,Via XXIX Aprile 2,Dolo,,385,Ospedale Pubblico,041 513 3111,urp@aulss3.veneto.it,,239.99,3.9,Veneto Open Data,Regione Veneto - Strutture sanitarie
1928,Ospedale Civile SS. Giovanni e Paolo,Castello 6777,Venezia,,385,Ospedale Pubblico,041 529 4111,urpve@aulss3.veneto.it,,206.62,4.4,Veneto Open Data,Regione Veneto - Strutture sanitarie
1929,Ospedale di Verona Borgo Trento,Piazzale Aristide Stefani 1,Verona,,385,Ospedale Pubblico,045 812 1111,urp@aovr.veneto.it,,,2.8,Veneto Open Data,Regione Veneto - Strutture sanitarie
1930,Ospedale di Verona Borgo Roma,Piazzale L.A. Scuro 10,Verona,,385,Ospedale Pubblico,045 812 1111,urp@aovr.veneto.it,,156.57,4.5,Veneto Open Data,Regione Veneto - Strutture sanitarie
1931,Ospedale di Belluno,Viale Europa 22,Belluno,,385,Ospedale Pubblico,0437 516 111,urp@aulss1.veneto.it,,,2.9,Veneto Open Data,Regione Veneto - Strutture sanitarie
1932,Ospedale San Martino,Via Rizzoli 1,Belluno,,385,Ospedale Pubblico,0437 753 111,urp@aulss1.veneto.it,,121.76,3.8,Veneto Open Data,Regione Veneto - Strutture sanitarie
1933,Ospedale di Cittadella,Via Casa di Ricovero 40,Cittadella,,385,Ospedale Pubblico,049 942 4111,urp@aulss6.veneto.it,,174.03,5.0,Veneto Open Data,Regione Veneto - Strutture sanitarie
1934,Ospedale Molinette,Corso Bramante 88,Torino,,386,Ospedale Pubblico,011 633 1633,,,162.04,3.7,Piemonte Open Data,Regione Piemonte - Strutture sanitarie
1935,Ospedale San Giovanni Bosco,Piazza Donatore di Sangue 3,Torino,,386,Ospedale Pubblico,011 240 1111,,,137.13,2.8,Piemonte Open Data,Regione Piemonte - Strutture sanitarie
1936,Ospedale CTO,Via Zuretti 29,Torino,,386,Ospedale Pubblico,011 633 6111,,,,3.8,Piemonte Open Data,Regione Piemonte - Strutture sanitarie
1937,Ospedale Regina Margherita,Piazza Polonia 94,Torino,,386,Ospedale Pediatrico,011 313 1111,,,,3.5,Piemonte Open Data,Regione Piemonte - Strutture sanitarie
1938,Ospedale Sant'Anna,Corso Spezia 60,Torino,,386,Ospedale Ostetrico-Ginecologico,011 313 4444,,,260.54,3.6,Piemonte Open Data,Regione Piemonte - Strutture sanitarie
1939,Ospedale Mauriziano Umberto I,Via Magellano 1,Torino,,386,Ospedale Pubblico,011 508 1111,,,264.66,4.5,Piemonte Open Data,Regione Piemonte - Strutture sanitarie
1940,Ospedale Maggiore della Carita,Corso Mazzini 18,Novara,,386,Ospedale Pubblico,0321 373 3111,,,,4.1,Piemonte Open Data,Regione Piemonte - Strutture sanitarie
1941,Ospedale SS. Antonio e Biagio,Via Venezia 16,Alessandria,,386,Ospedale Pubblico,0131 206 111,,,299.07,3.3,Piemonte Open Data,Regione Piemonte - Strutture sanitarie
1942,Ospedale Santa Croce e Carle,Via Michele Coppino 26,Cuneo,,386,Ospedale Pubblico,0171 641 111,,,101.3,3.9,Piemonte Open Data,Regione Piemonte - Strutture sanitarie
1943,Ospedale San Luigi Gonzaga,Regione Gonzole 10,Orbassano,,386,Ospedale Pubblico,011 902 6111,,,246.38,2.6,Piemonte Open Data,Regione Piemonte - Strutture sanitarie
1944,Ospedale Cardinal Massaia,Corso Dante 202,Asti,,386,Ospedale Pubblico,0141 486 111,,,,2.7,Piemonte Open Data,Regione Piemonte - Strutture sanitarie
1945,Ospedale Maria Vittoria,Via Cibrario 72,Torino,,386,Ospedale Pubblico,011 439 3111,,,290.88,3.1,Piemonte Open Data,Regione Piemonte - Strutture sanitarie
1946,Ospedale Policlinico San Martino,Largo Rosanna Benzi 10,Genova,,387,IRCCS Pubblico,010 555 1,,,297.93,2.6,Liguria Open Data,Regione Liguria - Strutture sanitarie
1947,Ospedale Galliera,Mura delle Cappuccine 14,Genova,,387,Ospedale Pubblico,010 563 21,,,,2.7,Liguria Open Data,Regione Liguria - Strutture sanitarie
1948,Ospedale Villa Scassi,Corso Onofrio Scassi 1,Genova,,387,Ospedale Pubblico,010 849 91,,,209.38,4.5,Liguria Open Data,Regione Liguria - Strutture sanitarie
1949,Ospedale Gaslini,Via Gerolamo Gaslini 5,Genova,,387,IRCCS Pediatrico,010 56311,,,57.8,4.1,Liguria Open Data,Regione Liguria - Strutture sanitarie
1950,Ospedale San Paolo,Via Genova 30,Savona,,387,Ospedale Pubblico,019 84041,,,108.1,3.5,Liguria Open Data,Regione Liguria - Strutture sanitarie
1951,Ospedale Santa Corona,Via XXV Aprile 38,Pietra Ligure,,387,Ospedale Pubblico,019 62301,,,139.49,4.9,Liguria Open Data,Regione Liguria - Strutture sanitarie
1952,Ospedale Lavagna,Via Don Giovanni Battista Bobbio 25,Lavagna,,387,Ospedale Pubblico,0185 3291,,,134.68,4.9,Liguria Open Data,Regione Liguria - Strutture sanitarie
1953,Ospedale Sant'Andrea,Via Vittorio Veneto 197,La Spezia,,387,Ospedale Pubblico,0187 5331,,,237.69,2.6,Liguria Open Data,Regione Liguria - Strutture sanitarie
1954,Ospedale di Sanremo,Via Giovanni Borea 56,Sanremo,,387,Ospedale Pubblico,0184 5361,,,56.31,3.6,Liguria Open Data,Regione Liguria - Strutture sanitarie
1955,Ospedale San Salvatore,Via Lorenzo Natali,L'Aquila,,388,Ospedale Pubblico,0862 3681,,,,4.7,Abruzzo Open Data,Regione Abruzzo - Strutture sanitarie
1956,Ospedale SS. Annunziata,Via dei Vestini,Chieti,,388,Ospedale Pubblico,0871 357111,,,241.93,4.5,Abruzzo Open Data,Regione Abruzzo - Strutture sanitarie
1957,Ospedale Spirito Santo,Via Fonte Romana 8,Pescara,,388,Ospedale Pubblico,085 4251,,,224.88,4.9,Abruzzo Open Data,Regione Abruzzo - Strutture sanitarie
1958,Ospedale G. Mazzini,Piazza Italia 1,Teramo,,388,Ospedale Pubblico,0861 4291,,,182.91,4.9,Abruzzo Open Data,Regione Abruzzo - Strutture sanitarie
1959,Ospedale Renzetti,Via Rindertorfer,Lanciano,,388,Ospedale Pubblico,0872 706111,,,264.5,3.3,Abruzzo Open Data,Regione Abruzzo - Strutture sanitarie
1960,Ospedale San Pio,Viale Benedetto Croce,Vasto,,388,Ospedale Pubblico,0873 3081,,,165.98,4.2,Abruzzo Open Data,Regione Abruzzo - Strutture sanitarie
1961,Ospedale San Massimo,Via Francia,Penne,,388,Ospedale Pubblico,085 8276111,,,51.86,4.0,Abruzzo Open Data,Regione Abruzzo - Strutture sanitarie
1962,Ospedale Civile G. Bernabeo,Via Pindaro 2,Ortona,,388,Ospedale Pubblico,085 9171,,,275.43,4.5,Abruzzo Open Data,Regione Abruzzo - Strutture sanitarie
1963,Ospedale Maria SS. dello Splendore,Via Vittorio Veneto 2,Giulianova,,388,Ospedale Pubblico,085 80211,,,,4.3,Abruzzo Open Data,Regione Abruzzo - Strutture sanitarie
1964,Ospedali Riuniti di Ancona,Via Conca 71,Ancona,,389,Ospedale Pubblico,071 5961,,,118.57,3.0,Marche Open Data,Regione Marche - Strutture sanitarie
1965,Ospedale Salesi,Via Filippo Corridoni 11,Ancona,,389,Ospedale Pediatrico,071 59641,,,,4.8,Marche Open Data,Regione Marche - Strutture sanitarie
1966,INRCA Ancona,Via della Montagnola 81,Ancona,,389,IRCCS Pubblico,071 8001,,,,2.7,Marche Open Data,Regione Marche - Strutture sanitarie
1967,Ospedale Carlo Urbani,Via dei Colli 52,Jesi,,389,Ospedale Pubblico,0731 5341,,,221.15,3.3,Marche Open Data,Regione Marche - Strutture sanitarie
1968,Ospedale di Macerata,Via Santa Lucia 2,Macerata,,389,Ospedale Pubblico,0733 25111,,,64.07,2.8,Marche Open Data,Regione Marche - Strutture sanitarie
1969,Ospedale di Civitanova Marche,Via Ginevri,Civitanova Marche,,389,Ospedale Pubblico,0733 8231,,,68.98,4.6,Marche Open Data,Regione Marche - Strutture sanitarie
1970,Ospedale San Salvatore,Piazzale Cinelli 4,Pesaro,,389,Ospedale Pubblico,0721 3611,,,162.17,4.5,Marche Open Data,Regione Marche - Strutture sanitarie
1971,Ospedale Madonna del Soccorso,Via Manara,San Benedetto del Tronto,,389,Ospedale Pubblico,0735 793111,,,164.82,2.9,Marche Open Data,Regione Marche - Strutture sanitarie
1972,Ospedale Santa Croce,Via del Mandracchio 11,Fano,,389,Ospedale Pubblico,0721 8821,,,,4.3,Marche Open Data,Regione Marche - Strutture sanitarie
1973,Ospedale Santa Maria della Misericordia,Piazzale Giorgio Menghini,Perugia,,390,Ospedale Pubblico,075 5781,,,129.95,3.4,Umbria Open Data,Regione Umbria - Strutture sanitarie
1974,Ospedale Santa Maria,Viale Tristano di Joannuccio,Terni,,390,Ospedale Pubblico,0744 2051,,,85.2,2.9,Umbria Open Data,Regione Umbria - Strutture sanitarie
1975,Ospedale San Giovanni Battista,Via Massimo Arcamone,Orvieto,,390,Ospedale Pubblico,0763 3071,,,81.2,2.6,Umbria Open Data,Regione Umbria - Strutture sanitarie
1976,Ospedale di Citta di Castello,Via Luigi Angelini 10,Citt di Castello,,390,Ospedale Pubblico,075 85091,,,164.44,3.2,Umbria Open Data,Regione Umbria - Strutture sanitarie
1977,Ospedale di Gubbio - Gualdo Tadino,Largo Unit d'Italia,Gubbio,,390,Ospedale Pubblico,075 927 01,,,178.93,2.8,Umbria Open Data,Regione Umbria - Strutture sanitarie
1978,Ospedale di Foligno,Via Arcamone,Foligno,,390,Ospedale Pubblico,0742 3391,,,,2.5,Umbria Open Data,Regione Umbria - Strutture sanitarie
1979,Ospedale di Spoleto,Via Loreto 3,Spoleto,,390,Ospedale Pubblico,0743 2101,,,223.2,4.1,Umbria Open Data,Regione Umbria - Strutture sanitarie
1980,Ospedale Media Valle del Tevere,Via del Buda,Todi,,390,Ospedale Pubblico,075 894 11,,,201.97,2.9,Umbria Open Data,Regione Umbria - Strutture sanitarie
1981,Ospedale Pugliese Ciaccio,Viale Pio X,Catanzaro,,391,Ospedale Pubblico,0961 883111,,,,3.4,Calabria Open Data,Regione Calabria - Strutture sanitarie
1982,Azienda Ospedaliera di Cosenza,Via San Martino,Cosenza,,391,Ospedale Pubblico,0984 6811,,,,3.6,Calabria Open Data,Regione Calabria - Strutture sanitarie
1983,Grande Ospedale Metropolitano,Via Giuseppe Melacrino,Reggio Calabria,,391,Ospedale Pubblico,0965 397111,,,239.21,2.9,Calabria Open Data,Regione Calabria - Strutture sanitarie
1984,Ospedale Giovanni Paolo II,Viale Pio X,Lamezia Terme,,391,Ospedale Pubblico,0968 2081,,,93.95,4.2,Calabria Open Data,Regione Calabria - Strutture sanitarie
1985,Ospedale San Francesco di Paola,Via San Francesco di Paola,Paola,,391,Ospedale Pubblico,0982 5800,,,,3.3,Calabria Open Data,Regione Calabria - Strutture sanitarie
1986,Ospedale di Lamezia Terme,Via Sen. Arturo Perugini,Lamezia Terme,,391,Ospedale Pubblico,0968 2081,,,,3.0,Calabria Open Data,Regione Calabria - Strutture sanitarie
1987,Ospedale di Crotone,Via XXV Aprile,Crotone,,391,Ospedale Pubblico,0962 924111,,,156.02,3.5,Calabria Open Data,Regione Calabria - Strutture sanitarie
1988,Ospedale di Vibo Valentia,Via Giovanni Paolo II,Vibo Valentia,,391,Ospedale Pubblico,0963 962111,,,272.93,4.4,Calabria Open Data,Regione Calabria - Strutture sanitarie
1989,Ospedale San Francesco,Via Mannironi,Nuoro,,392,Ospedale Pubblico,0784 240200,,,293.91,3.6,Sardegna Open Data,Regione Sardegna - Strutture sanitarie
1990,Ospedale Civile SS. Annunziata,Via Enrico De Nicola,Sassari,,392,Ospedale Pubblico,079 2061000,,,238.56,3.5,Sardegna Open Data,Regione Sardegna - Strutture sanitarie
1991,Ospedale Giovanni Paolo II,Via Giuseppe Brotzu,Olbia,,392,Ospedale Pubblico,0789 552200,,,,4.4,Sardegna Open Data,Regione Sardegna - Strutture sanitarie
1992,Ospedale San Martino,Via Rockefeller,Oristano,,392,Ospedale Pubblico,0783 317211,,,190.24,4.8,Sardegna Open Data,Regione Sardegna - Strutture sanitarie
1993,Ospedale Brotzu,Piazzale Alessandro Ricchi 1,Cagliari,,392,Ospedale Pubblico,070 5391,,,227.15,4.1,Sardegna Open Data,Regione Sardegna - Strutture sanitarie
1994,Ospedale Binaghi,Via Is Guadazzonis,Cagliari,,392,Ospedale Pubblico,070 609 2621,,,137.21,4.3,Sardegna Open Data,Regione Sardegna - Strutture sanitarie
1995,Policlinico Duilio Casula,SS 554,Monserrato,,392,Ospedale Pubblico,070 51096500,,,,3.9,Sardegna Open Data,Regione Sardegna - Strutture sanitarie
1996,Ospedale Marino,Lungomare Poetto,Cagliari,,392,Ospedale Pubblico,070 609 2900,,,233.83,5.0,Sardegna Open Data,Regione Sardegna - Strutture sanitarie
1997,Ospedale Santissima Trinita,Via Is Mirrionis 92,Cagliari,,392,Ospedale Pubblico,070 6091,,,83.71,4.3,Sardegna Open Data,Regione Sardegna - Strutture sanitarie
1998,Ospedale San Carlo,Via Potito Petrone,Potenza,,393,Ospedale Pubblico,0971 61111,,,209.75,3.2,Basilicata Open Data,Regione Basilicata - Strutture sanitarie
1999,Ospedale Madonna delle Grazie,Contrada Cattedra Ambulante,Matera,,393,Ospedale Pubblico,0835 253111,,,171.2,2.7,Basilicata Open Data,Regione Basilicata - Strutture sanitarie
2000,Ospedale di Lagonegro,Via Piano dei Lippi,Lagonegro,,393,Ospedale Pubblico,0973 48111,,,208.39,4.2,Basilicata Open Data,Regione Basilicata - Strutture sanitarie
2001,Ospedale di Villa d'Agri,Via Sant'Elia,Villa d'Agri,,393,Ospedale Pubblico,0975 312111,,,139.8,4.7,Basilicata Open Data,Regione Basilicata - Strutture sanitarie
2002,Ospedale di Melfi,Via Foggia,Melfi,,393,Ospedale Pubblico,0972 773111,,,,3.8,Basilicata Open Data,Regione Basilicata - Strutture sanitarie
2003,Ospedale di Policoro,Via Puglia,Policoro,,393,Ospedale Pubblico,0835 986111,,,,4.5,Basilicata Open Data,Regione Basilicata - Strutture sanitarie
2004,Ospedale Cardarelli,Contrada Tappino,Campobasso,,394,Ospedale Pubblico,0874 4091,,,281.17,4.9,Molise Open Data,Regione Molise - Strutture sanitarie
2005,Ospedale San Timoteo,Via Molinello,Termoli,,394,Ospedale Pubblico,0875 7171,,,262.72,4.9,Molise Open Data,Regione Molise - Strutture sanitarie
2006,Ospedale F. Veneziale,Via San Cosmo,Isernia,,394,Ospedale Pubblico,0865 4421,,,80.87,3.6,Molise Open Data,Regione Molise - Strutture sanitarie
2007,Ospedale SS. Rosario,Via San Giovanni in Golfo,Venafro,,394,Ospedale Pubblico,0865 9031,,,,3.8,Molise Open Data,Regione Molise - Strutture sanitarie
2008,Ospedale G. Vietri,Fondovalle Trigno,Larino,,394,Ospedale Pubblico,0874 8281,,,232.5,5.0,Molise Open Data,Regione Molise - Strutture sanitarie
2009,IRCCS Neuromed,Via Atinense 18,Pozzilli,,394,IRCCS Privato,0865 9291,,,186.21,4.0,Molise Open Data,Regione Molise - Strutture sanitarie
2010,Ospedale Umberto Parini,Viale Ginevra 3,Aosta,,395,Ospedale Pubblico,0165 5431,,,,3.6,Valle d'Aosta Open Data,Regione Valle d'Aosta - Strutture sanitarie
2011,Ospedale Beauregard,Via L. Vaccari 5,Aosta,,395,Ospedale Pubblico,0165 5451,,,116.09,2.6,Valle d'Aosta Open Data,Regione Valle d'Aosta - Strutture sanitarie
2012,Clinica di Saint-Pierre,Localit Breyan 1,Saint-Pierre,,395,Clinica Privata,0165 922900,,,,4.6,Valle d'Aosta Open Data,Regione Valle d'Aosta - Strutture sanitarie
2013,Ospedale Santa Maria della Misericordia,Piazzale Santa Maria della Misericordia 15,Udine,,396,Ospedale Pubblico,0432 5521,,,263.69,4.2,Friuli-Venezia Giulia Open Data,Regione Friuli-Venezia Giulia - Strutture sanitarie
2014,Ospedale Santa Maria degli Angeli,Via Montereale 24,Pordenone,,396,Ospedale Pubblico,0434 3991,,,283.42,3.7,Friuli-Venezia Giulia Open Data,Regione Friuli-Venezia Giulia - Strutture sanitarie
2015,Ospedale San Polo,Via Galvani 1,Monfalcone,,396,Ospedale Pubblico,0481 4871,,,296.65,4.5,Friuli-Venezia Giulia Open Data,Regione Friuli-Venezia Giulia - Strutture sanitarie
2016,Ospedale di Cattinara,Strada di Fiume 447,Trieste,,396,Ospedale Pubblico,040 3991111,,,,3.8,Friuli-Venezia Giulia Open Data,Regione Friuli-Venezia Giulia - Strutture sanitarie
2017,Ospedale Maggiore,Piazza dell'Ospitale 1,Trieste,,396,Ospedale Pubblico,040 3992334,,,133.67,4.5,Friuli-Venezia Giulia Open Data,Regione Friuli-Venezia Giulia - Strutture sanitarie
2018,Ospedale San Giovanni di Dio,Via Piranella 2,Gorizia,,396,Ospedale Pubblico,0481 5921,,,215.07,3.9,Friuli-Venezia Giulia Open Data,Regione Friuli-Venezia Giulia - Strutture sanitarie
2019,Ospedale San Daniele,Viale Trento Trieste 33,San Daniele del Friuli,,396,Ospedale Pubblico,0432 9491,,,,4.5,Friuli-Venezia Giulia Open Data,Regione Friuli-Venezia Giulia - Strutture sanitarie
2020,Ospedale di Palmanova,Via Natisone,Palmanova,,396,Ospedale Pubblico,0432 921211,,,205.6,4.0,Friuli-Venezia Giulia Open Data,Regione Friuli-Venezia Giulia - Strutture sanitarie
2021,Ospedale di Monfalcone,Via Galvani 1,Monfalcone,,396,Ospedale Pubblico,0481 4871,,,,3.8,Friuli-Venezia Giulia Open Data,Regione Friuli-Venezia Giulia - Strutture sanitarie
1822,"Ospedale Generale Regionale ""F. Miulli""",Strada Provinciale Acquaviva-Santeramo,Acquaviva delle Fonti,,377,Struttura Sanitaria,080 3054111,,,82.05,2.8,Puglia Open Data,Regione Puglia - Anagrafe strutture sanitarie - IODL 2.0
1823,"Ospedale ""Di Venere""",Via Ospedale Di Venere 1,Bari,,377,Struttura Sanitaria,080 5015111,,,193.85,2.8,Puglia Open Data,Regione Puglia - Anagrafe strutture sanitarie - IODL 2.0
1824,Policlinico di Bari,Piazza Giulio Cesare 11,Bari,,377,Struttura Sanitaria,080 5592111,,,271.0,3.8,Puglia Open Data,Regione Puglia - Anagrafe strutture sanitarie - IODL 2.0
1825,"Ospedale ""San Paolo""",Via Caposcardicchio 1,Bari,,377,Struttura Sanitaria,080 5843111,,,112.89,4.0,Puglia Open Data,Regione Puglia - Anagrafe strutture sanitarie - IODL 2.0
1826,Centro Medico San Giovanni,Corso Italia 45,Brindisi,,377,Struttura Sanitaria,083 2284512,,,296.05,2.7,Puglia Open Data,Regione Puglia - Anagrafe strutture sanitarie - IODL 2.0
1827,Clinica Villa Bianca,Via Roma 128,Lecce,,377,Struttura Sanitaria,083 2395871,,,229.6,2.9,Puglia Open Data,Regione Puglia - Anagrafe strutture sanitarie - IODL 2.0
1828,"Ospedale ""Vito Fazzi""",Piazzetta Filippo Muratore,Lecce,,377,Struttura Sanitaria,0832 661111,,,68.5,2.7,Puglia Open Data,Regione Puglia - Anagrafe strutture sanitarie - IODL 2.0
1829,Centro Diagnostico Puglia,Via Napoli 37,Barletta,,377,Struttura Sanitaria,088 3571289,,,,4.1,Puglia Open Data,Regione Puglia - Anagrafe strutture sanitarie - IODL 2.0
1830,"Istituto Tumori ""Giovanni Paolo II""",Viale Orazio Flacco 65,Bari,,377,Struttura Sanitaria,080 5555111,,,119.75,4.8,Puglia Open Data,Regione Puglia - Anagrafe strutture sanitarie - IODL 2.0
1831,"Ospedale ""Perrino""",Strada Statale 7 per Mesagne,Brindisi,,377,Struttura Sanitaria,0831 537111,,,86.44,2.5,Puglia Open Data,Regione Puglia - Anagrafe strutture sanitarie - IODL 2.0
1832,"Ospedale ""SS. Annunziata""",Via Bruno 1,Taranto,,377,Struttura Sanitaria,099 4585111,,,209.78,3.1,Puglia Open Data,Regione Puglia - Anagrafe strutture sanitarie - IODL 2.0
1833,"Ospedale ""Casa Sollievo della Sofferenza""",Viale Cappuccini,San Giovanni Rotondo,,377,Struttura Sanitaria,0882 4101,,,290.25,4.6,Puglia Open Data,Regione Puglia - Anagrafe strutture sanitarie - IODL 2.0
1834,Ospedale Santa Chiara,Largo Medaglie d'Oro 9,Trento,,378,Ospedale Pubblico,0461 903111,info@ospedalesc.it,,64.92,3.3,Trentino Open Data,Provincia Autonoma di Trento - Strutture sanitarie - CC-BY
1835,Ospedale San Camillo,Via Giovanelli 19,Trento,,378,Ospedale Privato,0461 216111,info@sancamillo.org,,106.72,3.9,Trentino Open Data,Provincia Autonoma di Trento - Strutture sanitarie - CC-BY
1836,Clinica Solatrix,Via Bellenzani 11,Rovereto,,378,Clinica Privata,0464 491111,info@solatrix.it,,,4.9,Trentino Open Data,Provincia Autonoma di Trento - Strutture sanitarie - CC-BY
1837,Centro Medico Trentino,Via Gocciadoro 82,Trento,,378,Centro Medico,0461 374100,info@centromedtn.it,,140.57,3.7,Trentino Open Data,Provincia Autonoma di Trento - Strutture sanitarie - CC-BY
1838,Ospedale Villa Rosa,Via Degasperi 31,Pergine Valsugana,,378,Ospedale Pubblico Riabilitativo,0461 515111,info@villarosa.it,,,4.2,Trentino Open Data,Provincia Autonoma di Trento - Strutture sanitarie - CC-BY
1839,Poliambulatorio Montebello,Via Montebello 6,Trento,,378,Poliambulatorio,0461 903400,info@montebello.it,,,2.9,Trentino Open Data,Provincia Autonoma di Trento - Strutture sanitarie - CC-BY
1840,Ospedale di Cavalese,Via Dossi 17,Cavalese,,378,Ospedale Pubblico,0462 242111,ospedale.cavalese@apss.tn.it,,68.59,3.7,Trentino Open Data,Provincia Autonoma di Trento - Strutture sanitarie - CC-BY
1841,Ospedale di Cles,Viale Degasperi 41,Cles,,378,Ospedale Pubblico,0463 660111,ospedale.cles@apss.tn.it,,235.69,3.3,Trentino Open Data,Provincia Autonoma di Trento - Strutture sanitarie - CC-BY
1842,Ospedale di Arco,Via delle Palme 3,Arco,,378,Ospedale Pubblico,0464 582222,ospedale.arco@apss.tn.it,,,3.7,Trentino Open Data,Provincia Autonoma di Trento - Strutture sanitarie - CC-BY
1843,Centro Sanitario San Giovanni,Via Trento 42,Predazzo,,378,Centro Sanitario,0462 501111,info@csangiovanni.it,,,3.7,Trentino Open Data,Provincia Autonoma di Trento - Strutture sanitarie - CC-BY
1844,Villa Bianca,Via Piave 78,Arco,,378,Casa di Cura,0464 579111,info@villabianca.it,,101.31,2.6,Trentino Open Data,Provincia Autonoma di Trento - Strutture sanitarie - CC-BY
1845,Ospedale San Lorenzo,Via Padova 10,Borgo Valsugana,,378,Ospedale Pubblico,0461 755111,ospedale.borgo@apss.tn.it,,90.69,4.7,Trentino Open Data,Provincia Autonoma di Trento - Strutture sanitarie - CC-BY
1846,Azienda Ospedaliero Universitaria Careggi,Largo Brambilla 3,Firenze,,379,"Ospedale Universitario, Cardiologia, Neurologia, Oncologia, Chirurgia",055 794111,,,175.24,4.3,Toscana Open Data,Regione Toscana - Strutture ospedaliere - CC-BY
1847,Ospedale Santa Maria Nuova,Piazza Santa Maria Nuova 1,Firenze,,379,"Ospedale Pubblico, Medicina Generale, Ginecologia, Pediatria",055 693111,,,84.25,4.9,Toscana Open Data,Regione Toscana - Strutture ospedaliere - CC-BY
1848,Ospedale Pediatrico Meyer,Viale Pieraccini 24,Firenze,,379,"Ospedale Pediatrico, Neuropsichiatria Infantile, Chirurgia Pediatrica",055 5662111,,,57.5,3.1,Toscana Open Data,Regione Toscana - Strutture ospedaliere - CC-BY
1849,Azienda Ospedaliero Universitaria Pisana,Via Roma 67,Pisa,,379,"Ospedale Universitario, Medicina Generale, Cardiologia, Oncologia",050 992111,,,,5.0,Toscana Open Data,Regione Toscana - Strutture ospedaliere - CC-BY
1850,Centro Medico Fiorentino,Via del Pergolino 4,Firenze,,379,"Centro Medico, Ambulatorio, Diagnostica, Fisioterapia",055 4296111,,,,4.7,Toscana Open Data,Regione Toscana - Strutture ospedaliere - CC-BY
1851,Ospedale Misericordia,Via Senese 161,Grosseto,,379,"Ospedale Pubblico, Medicina Generale, Ortopedia, Urologia",0564 483111,,,,4.8,Toscana Open Data,Regione Toscana - Strutture ospedaliere - CC-BY
1852,Ospedale San Donato,Via Pietro Nenni 20,Arezzo,,379,"Ospedale Pubblico, Medicina Generale, Cardiologia, Chirurgia",0575 2551,,,,2.6,Toscana Open Data,Regione Toscana - Strutture ospedaliere - CC-BY
1853,Policlinico Le Scotte,Viale Mario Bracci 16,Siena,,379,"Policlinico Universitario, Medicina Generale, Ginecologia, Ostetricia, Neurologia",0577 585111,,,278.81,3.1,Toscana Open Data,Regione Toscana - Strutture ospedaliere - CC-BY
1854,Centro Oncologico Toscano,Via Toscana 28,Prato,,379,"Centro Specializzato, Oncologia, Radioterapia, Diagnostica",0574 434111,,,64.14,4.8,Toscana Open Data,Regione Toscana - Strutture ospedaliere - CC-BY
1855,Ospedale San Giovanni di Dio,Via di Torregalli 3,Firenze,,379,"Ospedale Pubblico, Medicina Generale, Cardiologia, Chirurgia",055 69321,,,221.42,4.8,Toscana Open Data,Regione Toscana - Strutture ospedaliere - CC-BY
1856,Ospedale San Giuseppe,Viale Boccaccio 16,Empoli,,379,"Ospedale Pubblico, Medicina Generale, Ortopedia, Cardiologia",0571 7051,,,,3.1,Toscana Open Data,Regione Toscana - Strutture ospedaliere - CC-BY
1857,Ospedale SS. Cosma e Damiano,Via Provinciale Lucchese 248,Pescia,,379,"Ospedale Pubblico, Medicina Generale, Ortopedia, Urologia",0572 4601,,,196.84,4.4,Toscana Open Data,Regione Toscana - Strutture ospedaliere - CC-BY
1858,Policlinico Umberto I,Viale del Policlinico 155,Roma,,380,Policlinico Universitario,06 49971,,,104.48,4.6,Salute Lazio,Regione Lazio - Strutture sanitarie
1859,Ospedale San Giovanni Addolorata,Via dell'Amba Aradam 9,Roma,,380,Ospedale Pubblico,06 77051,,,,4.7,Salute Lazio,Regione Lazio - Strutture sanitarie
