id,name,address,city,postal_code,region_id,facility_type,telephone,email,website,quality_score,cardiology_rating,orthopedics_rating,oncology_rating,neurology_rating,surgery_rating,urology_rating,pediatrics_rating,gynecology_rating,strengths_summary,latitude,longitude,geocoded,data_source,attribution
1871,Ospedale Niguarda,Piazza Ospedale Maggiore 3,Milano,,381,Ospedale Pubblico,02 64441,info@ospedaleniguarda.it,,4.9,4.0,4.0,4.0,4.0,4.0,4.0,1.0,4.0,Strong in cardiology.,45.5105519,9.1883054,True,Lombardia Open Data,Regione Lombardia - Elenco delle strutture sanitarie accreditate
1877,Ospedale San Carlo Borromeo,Via Pio II 3,Milano,,381,Ospedale Pubblico,02 40221,urp@asst-santipaolocarlo.it,,4.2,,,,,,,,,,45.468576,9.1144907,True,Lombardia Open Data,Regione Lombardia - Elenco delle strutture sanitarie accreditate
1879,Policlinico San Donato,Piazza Edmondo Malan 2,San Donato Milanese,,381,IRCCS Privato,02 52771,info.psd@grupposandonato.it,,3.1,,,,,,,,,,45.410955200000004,9.277692330207039,True,Lombardia Open Data,Regione Lombardia - Elenco delle strutture sanitarie accreditate
1876,Ospedale San Paolo,Via Antonio di Rudin 8,Milano,,381,Ospedale Pubblico,02 81841,urp@asst-santipaolocarlo.it,,5.0,,,,,,,,,,45.45493825564572,9.23069264290593,True,Lombardia Open Data,Regione Lombardia - Elenco delle strutture sanitarie accreditate
1887,Policlinico Paolo Giaccone,Via del Vespro 129,Palermo,,382,Policlinico Universitario,091 655 1111,,,2.6,,,,,,,,,,38.1060834,13.359959569229918,True,Sicilia Open Data,Regione Sicilia - Strutture sanitarie
1886,Ospedale Civico Di Cristina Benfratelli,Piazza Nicola Leotta 4,Palermo,,382,Ospedale Pubblico,091 666 1111,,,2.7,2.0,2.0,1.0,2.0,2.0,2.0,1.0,3.0,,38.073681883437196,13.392347292437805,True,Sicilia Open Data,Regione Sicilia - Strutture sanitarie
1892,Ospedale Cannizzaro,Via Messina 829,Catania,,382,Ospedale Pubblico,095 726 1111,,,2.6,2.0,2.0,1.0,2.0,2.0,2.0,1.0,3.0,,37.5410119,15.1205158,True,Sicilia Open Data,Regione Sicilia - Strutture sanitarie
1872,Istituto Nazionale dei Tumori,Via Venezian 1,Milano,,381,IRCCS Pubblico,02 23901,urp@istitutotumori.mi.it,,2.6,,,,,,,,,,45.474386,9.2321797,True,Lombardia Open Data,Regione Lombardia - Elenco delle strutture sanitarie accreditate
1873,Ospedale San Raffaele,Via Olgettina 60,Milano,,381,IRCCS Privato,02 26431,info@hsr.it,,4.6,,,,,,,,,,45.51230991913055,9.267018517976332,True,Lombardia Open Data,Regione Lombardia - Elenco delle strutture sanitarie accreditate
1874,Ospedale Maggiore Policlinico,Via Francesco Sforza 35,Milano,,381,IRCCS Pubblico,02 55031,info@policlinico.mi.it,,4.9,4.0,4.0,1.0,4.0,4.0,4.0,1.0,4.0,15th worldwide in obstetrics & gynecology​,45.4628649109126,9.198402116633526,True,Lombardia Open Data,Regione Lombardia - Elenco delle strutture sanitarie accreditate
1880,Ospedale Luigi Sacco,Via Giovanni Battista Grassi 74,Milano,,381,Ospedale Pubblico,02 39041,urp@asst-fbf-sacco.it,,3.8,,,,,,,,,,45.5175532,9.1201819,True,Lombardia Open Data,Regione Lombardia - Elenco delle strutture sanitarie accreditate
1881,Ospedale Fatebenefratelli,Piazzale Principessa Clotilde 3,Milano,,381,Ospedale Privato,02 63631,urp@asst-fbf-sacco.it,,4.8,,,,,,,,,,45.4794549,9.1919152,True,Lombardia Open Data,Regione Lombardia - Elenco delle strutture sanitarie accreditate
1882,Spedali Civili di Brescia,Piazzale Spedali Civili 1,Brescia,,381,Ospedale Pubblico,030 39951,urp@asst-spedalicivili.it,,4.6,,,,,,,,,,45.55746175,10.231261014351258,True,Lombardia Open Data,Regione Lombardia - Elenco delle strutture sanitarie accreditate
1883,Ospedale Papa Giovanni XXIII,Piazza OMS 1,Bergamo,,381,Ospedale Pubblico,035 267111,urp@asst-pg23.it,,2.5,,,,,,,,,,45.6864606,9.6386584,True,Lombardia Open Data,Regione Lombardia - Elenco delle strutture sanitarie accreditate
1884,Ospedale di Circolo e Fondazione Macchi,Viale Luigi Borri 57,Varese,,381,Ospedale Pubblico,0332 278111,urp@asst-settelaghi.it,,3.1,,,,,,,,,,45.80963962057175,8.835912874154864,True,Lombardia Open Data,Regione Lombardia - Elenco delle strutture sanitarie accreditate
1885,Ospedale San Matteo,Viale Camillo Golgi 19,Pavia,,381,IRCCS Pubblico,0382 5011,urp@smatteo.pv.it,,2.6,,,,,,,,,,45.1961345,9.1489552,True,Lombardia Open Data,Regione Lombardia - Elenco delle strutture sanitarie accreditate
1888,Ospedale Buccheri La Ferla,Via Messina Marine 197,Palermo,,382,Ospedale Privato,091 479 111,,,4.7,,,,,,,,,,38.109756250000004,13.3793347,True,Sicilia Open Data,Regione Sicilia - Strutture sanitarie
1889,Ospedale Villa Sofia-Cervello,Viale Strasburgo 233,Palermo,,382,Ospedale Pubblico,091 780 8111,,,4.1,4.0,3.0,1.0,3.0,4.0,4.0,1.0,4.0,,38.161034977834355,13.322835850047642,True,Sicilia Open Data,Regione Sicilia - Strutture sanitarie
1890,ISMETT,Via Ernesto Tricomi 5,Palermo,,382,IRCCS Privato,091 219 2111,,,3.3,,,,,,,,,,38.101105509580236,13.35746348734863,True,Sicilia Open Data,Regione Sicilia - Strutture sanitarie
1891,Policlinico Vittorio Emanuele,Via Santa Sofia 78,Catania,,382,Policlinico Universitario,095 378 1111,,,4.9,,,,,,,,,,37.529593,15.0688631,True,Sicilia Open Data,Regione Sicilia - Strutture sanitarie
1870,Campus Bio-Medico,Via lvaro del Portillo 200,Roma,,380,Policlinico Universitario,06 225411,,,3.5,4.0,5.0,4.0,4.0,4.0,4.0,1.0,4.0,Outstanding in orthopedics.,41.90462557752792,12.47968396816257,True,Salute Lazio,Regione Lazio - Strutture sanitarie
1893,Ospedale Garibaldi Centro,Piazza Santa Maria di Ges 5,Catania,,382,Ospedale Pubblico,095 759 4111,,,3.6,3.0,3.0,1.0,3.0,3.0,3.0,1.0,3.0,,38.07185174823522,13.32462553567768,True,Sicilia Open Data,Regione Sicilia - Strutture sanitarie
1894,Ospedale Papardo,Contrada Papardo,Messina,,382,Ospedale Pubblico,090 399 6111,,,4.2,,,,,,,,,,38.10070704713227,13.313477746179908,True,Sicilia Open Data,Regione Sicilia - Strutture sanitarie
1923,Ospedale dell'Angelo,Via Paccagnella 11,Venezia,,385,Ospedale Pubblico,041 965 7111,urpve@aulss3.veneto.it,,3.9,5.0,3.0,1.0,3.0,3.0,3.0,1.0,3.0,Excels in cardiology and oncology​,45.50941301451782,12.228023560567443,True,Veneto Open Data,Regione Veneto - Strutture sanitarie
1926,Ospedale di Mestre,Via Circonvallazione 50,Venezia,,385,Ospedale Pubblico,041 260 7111,urpve@aulss3.veneto.it,,4.4,,,,,,,,,,45.8196135,13.1230122,True,Veneto Open Data,Regione Veneto - Strutture sanitarie
1895,Policlinico G. Martino,Via Consolare Valeria 1,Messina,,382,Policlinico Universitario,090 221 2111,,,3.7,,,,,,,,,,37.9308536,15.3527381,True,Sicilia Open Data,Regione Sicilia - Strutture sanitarie
1896,Ospedale Civile OMPA,Via Pompei 1,Ragusa,,382,Ospedale Pubblico,0932 600 111,,,4.8,,,,,,,,,,36.91515881169142,14.72177619202833,True,Sicilia Open Data,Regione Sicilia - Strutture sanitarie
1898,Policlinico Sant'Orsola-Malpighi,Via Albertoni 15,Bologna,,383,Policlinico Universitario,051 636 1111,urp@aosp.bo.it,,3.8,,,,,,,,,,44.4902552,11.3638985,True,Emilia-Romagna Open Data,Regione Emilia-Romagna - Strutture sanitarie
1899,Ospedale Maggiore,Largo Bartolo Nigrisoli 2,Bologna,,383,Ospedale Pubblico,051 647 8111,urp@ausl.bologna.it,,4.3,,,,,,,,,,44.5040761,11.315412715648225,True,Emilia-Romagna Open Data,Regione Emilia-Romagna - Strutture sanitarie
1901,Ospedale Bellaria,Via Altura 3,Bologna,,383,Ospedale Pubblico,051 622 5111,urp@ausl.bologna.it,,3.6,,,,,,,,,,44.4666446,11.3980313,True,Emilia-Romagna Open Data,Regione Emilia-Romagna - Strutture sanitarie
1902,Azienda Ospedaliero-Universitaria di Parma,Via Gramsci 14,Parma,,383,Policlinico Universitario,0521 702 111,urp@ao.pr.it,,5.0,,,,,,,,,,44.9316129,10.3626119,True,Emilia-Romagna Open Data,Regione Emilia-Romagna - Strutture sanitarie
1903,Ospedale di Baggiovara,Via Pietro Giardini 1355,Modena,,383,Ospedale Pubblico,059 396 1111,urp@policlinico.mo.it,,3.3,,,,,,,,,,44.604880050000006,10.87095000773888,True,Emilia-Romagna Open Data,Regione Emilia-Romagna - Strutture sanitarie
1904,Arcispedale Santa Maria Nuova,Viale Risorgimento 80,Reggio Emilia,,383,Ospedale Pubblico,0522 296 111,urp@ausl.re.it,,4.4,,,,,,,,,,44.6835174,10.630124476103333,True,Emilia-Romagna Open Data,Regione Emilia-Romagna - Strutture sanitarie
1905,Ospedale Infermi,Viale Luigi Settembrini 2,Rimini,,383,Ospedale Pubblico,0541 705 111,urp@auslromagna.it,,2.8,,,,,,,,,,44.0429033,12.5897482,True,Emilia-Romagna Open Data,Regione Emilia-Romagna - Strutture sanitarie
1906,Ospedale Bufalini,Viale Giovanni Ghirotti 286,Cesena,,383,Ospedale Pubblico,0547 352 111,urp@auslromagna.it,,4.3,,,,,,,,,,44.1345972,12.2596753,True,Emilia-Romagna Open Data,Regione Emilia-Romagna - Strutture sanitarie
1907,Ospedale M. Bufalini,Viale Giovanni Ghirotti 286,Cesena,,383,Ospedale Pubblico,0547 352 111,urp@auslromagna.it,,3.2,,,,,,,,,,44.1345972,12.2596753,True,Emilia-Romagna Open Data,Regione Emilia-Romagna - Strutture sanitarie
1909,Ospedale Santa Maria delle Croci,Viale Vincenzo Randi 5,Ravenna,,383,Ospedale Pubblico,0544 285 111,urp@auslromagna.it,,3.7,,,,,,,,,,44.41077995,12.18867745816637,True,Emilia-Romagna Open Data,Regione Emilia-Romagna - Strutture sanitarie
1917,Azienda Ospedaliera San Giuseppe Moscati,Contrada Amoretta,Avellino,,384,Ospedale Pubblico,0825 203 111,,,3.2,,,,,,,,,,40.92638022497453,14.798948234737143,True,Campania Open Data,Regione Campania - Strutture sanitarie
1922,Azienda Ospedaliera di Padova,Via Giustiniani 2,Padova,,385,Ospedale Pubblico,049 821 1111,urp@aopd.veneto.it,,3.9,3.0,3.0,1.0,3.0,3.0,5.0,3.0,3.0,Outstanding in urology​,45.4041987,11.8933949,True,Veneto Open Data,Regione Veneto - Strutture sanitarie
1924,Ospedale San Bortolo,Viale Rodolfi 37,Vicenza,,385,Ospedale Pubblico,0444 753 111,urp@aulss8.veneto.it,,4.7,,,,,,,,,,45.5561213,11.5481124,True,Veneto Open Data,Regione Veneto - Strutture sanitarie
1928,Ospedale Civile SS. Giovanni e Paolo,Castello 6777,Venezia,,385,Ospedale Pubblico,041 529 4111,urpve@aulss3.veneto.it,,4.4,,,,,,,,,,45.4403034,12.3417059,True,Veneto Open Data,Regione Veneto - Strutture sanitarie
1929,Ospedale di Verona Borgo Trento,Piazzale Aristide Stefani 1,Verona,,385,Ospedale Pubblico,045 812 1111,urp@aovr.veneto.it,,2.8,,,,,,,,,,45.4528902,10.984095217796257,True,Veneto Open Data,Regione Veneto - Strutture sanitarie
1897,Ospedale Giovanni Paolo II,Contrada Zaiera,Ragusa,,382,Ospedale Pubblico,0932 600 211,,,2.5,,,,,,,,,,38.06245719850696,13.364447490597799,True,Sicilia Open Data,Regione Sicilia - Strutture sanitarie
1900,Istituto Ortopedico Rizzoli,Via G. C. Pupilli 1,Bologna,,383,IRCCS Pubblico,051 636 6111,urp@ior.it,,2.7,,,,,,,,,,44.485776784435615,11.294776273724663,True,Emilia-Romagna Open Data,Regione Emilia-Romagna - Strutture sanitarie
1908,Ospedale Morgagni - Pierantoni,Via Carlo Forlanini 34,Forl,,383,Ospedale Pubblico,0543 731 111,urp@auslromagna.it,,4.2,,,,,,,,,,44.47794097427486,11.374880986212847,True,Emilia-Romagna Open Data,Regione Emilia-Romagna - Strutture sanitarie
1925,Ospedale Ca' Foncello,Piazza Ospedale 1,Treviso,,385,Ospedale Pubblico,0422 322 111,urp@aulss2.veneto.it,,2.6,5.0,3.0,1.0,3.0,3.0,3.0,3.0,3.0,Outstanding in cardiology​,45.390866611147054,12.301001294181132,True,Veneto Open Data,Regione Veneto - Strutture sanitarie
1927,Ospedale di Dolo,Via XXIX Aprile 2,Dolo,,385,Ospedale Pubblico,041 513 3111,urp@aulss3.veneto.it,,3.9,,,,,,,,,,45.39643555740343,12.343499529482921,True,Veneto Open Data,Regione Veneto - Strutture sanitarie
1950,Ospedale San Paolo,Via Genova 30,Savona,,387,Ospedale Pubblico,019 84041,,,3.5,,,,,,,,,,44.079647,8.0983213,True,Liguria Open Data,Regione Liguria - Strutture sanitarie
1956,Ospedale SS. Annunziata,Via dei Vestini,Chieti,,388,Ospedale Pubblico,0871 357111,,,3.6,5.0,4.0,4.0,4.0,4.0,4.0,1.0,4.0,Outstanding in cardiology​,42.365689575170535,14.155313200750214,True,Abruzzo Open Data,Regione Abruzzo - Strutture sanitarie
1932,Ospedale San Martino,Via Rizzoli 1,Belluno,,385,Ospedale Pubblico,0437 753 111,urp@aulss1.veneto.it,,3.8,,,,,,,,,,45.451496502691995,12.347535812594586,True,Veneto Open Data,Regione Veneto - Strutture sanitarie
1943,Ospedale San Luigi Gonzaga,Regione Gonzole 10,Orbassano,,386,Ospedale Pubblico,011 902 6111,,,2.6,,,,,,,,,,45.0294529,7.5571538,True,Piemonte Open Data,Regione Piemonte - Strutture sanitarie
1935,Ospedale San Giovanni Bosco,Piazza Donatore di Sangue 3,Torino,,386,Ospedale Pubblico,011 240 1111,,,2.8,,,,,,,,,,45.30814205,7.5762576,True,Piemonte Open Data,Regione Piemonte - Strutture sanitarie
1944,Ospedale Cardinal Massaia,Corso Dante 202,Asti,,386,Ospedale Pubblico,0141 486 111,,,2.7,,,,,,,,,,44.90280343686205,8.204759587601782,True,Piemonte Open Data,Regione Piemonte - Strutture sanitarie
1931,Ospedale di Belluno,Viale Europa 22,Belluno,,385,Ospedale Pubblico,0437 516 111,urp@aulss1.veneto.it,,2.9,,,,,,,,,,46.143915173411614,12.212901688722706,True,Veneto Open Data,Regione Veneto - Strutture sanitarie
1936,Ospedale CTO,Via Zuretti 29,Torino,,386,Ospedale Pubblico,011 633 6111,,,3.8,,,,,,,,,,45.0336819,7.6739961,True,Piemonte Open Data,Regione Piemonte - Strutture sanitarie
1933,Ospedale di Cittadella,Via Casa di Ricovero 40,Cittadella,,385,Ospedale Pubblico,049 942 4111,urp@aulss6.veneto.it,,5.0,4.0,5.0,1.0,1.0,4.0,4.0,1.0,4.0,Outstanding in orthopedics​,45.6471553,11.7887626,True,Veneto Open Data,Regione Veneto - Strutture sanitarie
1934,Ospedale Molinette,Corso Bramante 88,Torino,,386,Ospedale Pubblico,011 633 1633,,,3.7,3.0,3.0,3.0,3.0,3.0,5.0,1.0,3.0,Outstanding in urology​,45.0416061,7.6745153,True,Piemonte Open Data,Regione Piemonte - Strutture sanitarie
1937,Ospedale Regina Margherita,Piazza Polonia 94,Torino,,386,Ospedale Pediatrico,011 313 1111,,,3.5,,,,,,,,,,45.0349293,7.6751718,True,Piemonte Open Data,Regione Piemonte - Strutture sanitarie
1938,Ospedale Sant'Anna,Corso Spezia 60,Torino,,386,Ospedale Ostetrico-Ginecologico,011 313 4444,,,3.6,,,,,,,,,,45.0361441,7.6740203,True,Piemonte Open Data,Regione Piemonte - Strutture sanitarie
1939,Ospedale Mauriziano Umberto I,Via Magellano 1,Torino,,386,Ospedale Pubblico,011 508 1111,,,4.5,5.0,4.0,4.0,4.0,4.0,4.0,1.0,4.0,Outstanding in cardiology​,45.05167855,7.665618624998441,True,Piemonte Open Data,Regione Piemonte - Strutture sanitarie
1940,Ospedale Maggiore della Carita,Corso Mazzini 18,Novara,,386,Ospedale Pubblico,0321 373 3111,,,4.1,,,,,,,,,,45.4438699,8.6225253,True,Piemonte Open Data,Regione Piemonte - Strutture sanitarie
1941,Ospedale SS. Antonio e Biagio,Via Venezia 16,Alessandria,,386,Ospedale Pubblico,0131 206 111,,,3.3,,,,,,,,,,44.91548160057007,8.620043235023617,True,Piemonte Open Data,Regione Piemonte - Strutture sanitarie
1942,Ospedale Santa Croce e Carle,Via Michele Coppino 26,Cuneo,,386,Ospedale Pubblico,0171 641 111,,,3.9,4.0,3.0,4.0,3.0,4.0,4.0,1.0,4.0,Strong in oncology.,44.385316700000004,7.537054211756528,True,Piemonte Open Data,Regione Piemonte - Strutture sanitarie
1945,Ospedale Maria Vittoria,Via Cibrario 72,Torino,,386,Ospedale Pubblico,011 439 3111,,,3.1,3.0,3.0,1.0,1.0,3.0,3.0,1.0,3.0,,45.0817634,7.6553516,True,Piemonte Open Data,Regione Piemonte - Strutture sanitarie
1946,Ospedale Policlinico San Martino,Largo Rosanna Benzi 10,Genova,,387,IRCCS Pubblico,010 555 1,,,2.6,4.0,4.0,4.0,4.0,4.0,4.0,1.0,4.0,Strong in oncology.,44.4115363,8.9743547,True,Liguria Open Data,Regione Liguria - Strutture sanitarie
1947,Ospedale Galliera,Mura delle Cappuccine 14,Genova,,387,Ospedale Pubblico,010 563 21,,,2.7,,,,,,,,,,44.398074,8.9425633,True,Liguria Open Data,Regione Liguria - Strutture sanitarie
1948,Ospedale Villa Scassi,Corso Onofrio Scassi 1,Genova,,387,Ospedale Pubblico,010 849 91,,,4.5,3.0,3.0,1.0,1.0,3.0,3.0,1.0,3.0,,44.4125772,8.897401354155495,True,Liguria Open Data,Regione Liguria - Strutture sanitarie
1949,Ospedale Gaslini,Via Gerolamo Gaslini 5,Genova,,387,IRCCS Pediatrico,010 56311,,,4.1,1.0,1.0,3.0,1.0,3.0,1.0,5.0,1.0,Outstanding in pediatrics​,44.3915258,8.9883856,True,Liguria Open Data,Regione Liguria - Strutture sanitarie
1960,Ospedale San Pio,Viale Benedetto Croce,Vasto,,388,Ospedale Pubblico,0873 3081,,,3.2,3.0,3.0,1.0,1.0,3.0,3.0,1.0,3.0,,42.30792583284287,13.427356111246374,True,Abruzzo Open Data,Regione Abruzzo - Strutture sanitarie
1969,Ospedale di Civitanova Marche,Via Ginevri,Civitanova Marche,,389,Ospedale Pubblico,0733 8231,,,4.6,3.0,3.0,1.0,1.0,3.0,3.0,1.0,3.0,,43.30927368107065,13.695893479127287,True,Marche Open Data,Regione Marche - Strutture sanitarie
1970,Ospedale San Salvatore,Piazzale Cinelli 4,Pesaro,,389,Ospedale Pubblico,0721 3611,,,4.5,,,,,,,,,,43.90741765,12.9071655117071,True,Marche Open Data,Regione Marche - Strutture sanitarie
1971,Ospedale Madonna del Soccorso,Via Manara,San Benedetto del Tronto,,389,Ospedale Pubblico,0735 793111,,,2.9,,,,,,,,,,42.95010580421448,13.866356112729054,True,Marche Open Data,Regione Marche - Strutture sanitarie
1973,Ospedale Santa Maria della Misericordia,Piazzale Giorgio Menghini,Perugia,,390,Ospedale Pubblico,075 5781,,,3.4,,,,,,,,,,43.0805112848199,12.353915768786878,True,Umbria Open Data,Regione Umbria - Strutture sanitarie
1974,Ospedale Santa Maria,Viale Tristano di Joannuccio,Terni,,390,Ospedale Pubblico,0744 2051,,,2.9,3.0,3.0,1.0,3.0,3.0,3.0,1.0,3.0,,43.093244599171506,12.424925319953418,True,Umbria Open Data,Regione Umbria - Strutture sanitarie
1952,Ospedale Lavagna,Via Don Giovanni Battista Bobbio 25,Lavagna,,387,Ospedale Pubblico,0185 3291,,,4.9,,,,,,,,,,44.31484135,9.349231627574795,True,Liguria Open Data,Regione Liguria - Strutture sanitarie
1964,Ospedali Riuniti di Ancona,Via Conca 71,Ancona,,389,Ospedale Pubblico,071 5961,,,3.0,5.0,3.0,5.0,3.0,3.0,3.0,1.0,3.0,Excels in cardiology​,43.6016932,13.4514731,True,Marche Open Data,Regione Marche - Strutture sanitarie
1965,Ospedale Salesi,Via Filippo Corridoni 11,Ancona,,389,Ospedale Pediatrico,071 59641,,,4.8,1.0,1.0,1.0,1.0,1.0,1.0,5.0,1.0,,43.61691075,13.532389730573037,True,Marche Open Data,Regione Marche - Strutture sanitarie
1966,INRCA Ancona,Via della Montagnola 81,Ancona,,389,IRCCS Pubblico,071 8001,,,2.7,1.0,1.0,1.0,1.0,1.0,1.0,1.0,1.0,,43.59390245,13.513140334779782,True,Marche Open Data,Regione Marche - Strutture sanitarie
1967,Ospedale Carlo Urbani,Via dei Colli 52,Jesi,,389,Ospedale Pubblico,0731 5341,,,3.3,,,,,,,,,,43.53048522190365,13.228270279397965,True,Marche Open Data,Regione Marche - Strutture sanitarie
1968,Ospedale di Macerata,Via Santa Lucia 2,Macerata,,389,Ospedale Pubblico,0733 25111,,,2.8,3.0,3.0,1.0,1.0,3.0,3.0,1.0,3.0,,43.29450885,13.459182680647977,True,Marche Open Data,Regione Marche - Strutture sanitarie
1978,Ospedale di Foligno,Via Arcamone,Foligno,,390,Ospedale Pubblico,0742 3391,,,2.5,,,,,,,,,,42.96041135,12.688607988288839,True,Umbria Open Data,Regione Umbria - Strutture sanitarie
1979,Ospedale di Spoleto,Via Loreto 3,Spoleto,,390,Ospedale Pubblico,0743 2101,,,4.1,,,,,,,,,,42.73243095,12.726086601324244,True,Umbria Open Data,Regione Umbria - Strutture sanitarie
1981,Ospedale Pugliese Ciaccio,Viale Pio X,Catanzaro,,391,Ospedale Pubblico,0961 883111,,,3.4,,,,,,,,,,38.922393338245456,16.582059991750043,True,Calabria Open Data,Regione Calabria - Strutture sanitarie
1985,Ospedale San Francesco di Paola,Via San Francesco di Paola,Paola,,391,Ospedale Pubblico,0982 5800,,,3.3,,,,,,,,,,37.93478881032067,15.342600580909684,True,Calabria Open Data,Regione Calabria - Strutture sanitarie
1987,Ospedale di Crotone,Via XXV Aprile,Crotone,,391,Ospedale Pubblico,0962 924111,,,3.5,,,,,,,,,,39.080582723526106,17.1191317460451,True,Calabria Open Data,Regione Calabria - Strutture sanitarie
1988,Ospedale di Vibo Valentia,Via Giovanni Paolo II,Vibo Valentia,,391,Ospedale Pubblico,0963 962111,,,4.4,,,,,,,,,,38.68078408357358,15.919837647785679,True,Calabria Open Data,Regione Calabria - Strutture sanitarie
1989,Ospedale San Francesco,Via Mannironi,Nuoro,,392,Ospedale Pubblico,0784 240200,,,3.6,3.0,3.0,1.0,1.0,3.0,3.0,1.0,3.0,,40.28165620510154,9.418497727082892,True,Sardegna Open Data,Regione Sardegna - Strutture sanitarie
1990,Ospedale Civile SS. Annunziata,Via Enrico De Nicola,Sassari,,392,Ospedale Pubblico,079 2061000,,,3.5,,,,,,,,,,40.717933724976646,8.55358199655419,True,Sardegna Open Data,Regione Sardegna - Strutture sanitarie
1962,Ospedale Civile G. Bernabeo,Via Pindaro 2,Ortona,,388,Ospedale Pubblico,085 9171,,,4.5,4.0,4.0,1.0,1.0,4.0,4.0,1.0,4.0,Strong in cardiology.,42.36177188411598,13.37292106390298,True,Abruzzo Open Data,Regione Abruzzo - Strutture sanitarie
1972,Ospedale Santa Croce,Via del Mandracchio 11,Fano,,389,Ospedale Pubblico,0721 8821,,,4.3,,,,,,,,,,43.60189828514434,13.50404362453334,True,Marche Open Data,Regione Marche - Strutture sanitarie
1975,Ospedale San Giovanni Battista,Via Massimo Arcamone,Orvieto,,390,Ospedale Pubblico,0763 3071,,,2.6,,,,,,,,,,43.14081716375654,12.354253755913554,True,Umbria Open Data,Regione Umbria - Strutture sanitarie
1976,Ospedale di Citta di Castello,Via Luigi Angelini 10,Citt di Castello,,390,Ospedale Pubblico,075 85091,,,3.2,,,,,,,,,,43.10843153446813,12.344480081544226,True,Umbria Open Data,Regione Umbria - Strutture sanitarie
1977,Ospedale di Gubbio - Gualdo Tadino,Largo Unit d'Italia,Gubbio,,390,Ospedale Pubblico,075 927 01,,,2.8,,,,,,,,,,43.15638021102684,12.412529667549922,True,Umbria Open Data,Regione Umbria - Strutture sanitarie
1980,Ospedale Media Valle del Tevere,Via del Buda,Todi,,390,Ospedale Pubblico,075 894 11,,,2.9,,,,,,,,,,43.06206193807151,12.4013412894963,True,Umbria Open Data,Regione Umbria - Strutture sanitarie
2002,Ospedale di Melfi,Via Foggia,Melfi,,393,Ospedale Pubblico,0972 773111,,,3.8,3.0,3.0,1.0,1.0,3.0,3.0,1.0,3.0,,40.9948875,15.6506604,True,Basilicata Open Data,Regione Basilicata - Strutture sanitarie
2010,Ospedale Umberto Parini,Viale Ginevra 3,Aosta,,395,Ospedale Pubblico,0165 5431,,,3.6,,,,,,,,,,45.74097291476079,7.314461037484064,True,Valle d'Aosta Open Data,Regione Valle d'Aosta - Strutture sanitarie
2004,Ospedale Cardarelli,Contrada Tappino,Campobasso,,394,Ospedale Pubblico,0874 4091,,,4.9,3.0,3.0,1.0,1.0,3.0,3.0,1.0,3.0,,41.53974371912338,14.623246100766385,True,Molise Open Data,Regione Molise - Strutture sanitarie
2005,Ospedale San Timoteo,Via Molinello,Termoli,,394,Ospedale Pubblico,0875 7171,,,4.9,,,,,,,,,,41.99485990926637,14.989919246102875,True,Molise Open Data,Regione Molise - Strutture sanitarie
2006,Ospedale F. Veneziale,Via San Cosmo,Isernia,,394,Ospedale Pubblico,0865 4421,,,3.6,,,,,,,,,,41.58479549987991,14.224540921516773,True,Molise Open Data,Regione Molise - Strutture sanitarie
2009,IRCCS Neuromed,Via Atinense 18,Pozzilli,,394,IRCCS Privato,0865 9291,,,4.0,1.0,3.0,1.0,5.0,3.0,3.0,1.0,3.0,Renowned neurology & neurosurgery institute.,41.5144942,14.060392643993103,True,Molise Open Data,Regione Molise - Strutture sanitarie
1994,Ospedale Binaghi,Via Is Guadazzonis,Cagliari,,392,Ospedale Pubblico,070 609 2621,,,4.3,,,,,,,,,,39.21151346249013,9.141435972205802,True,Sardegna Open Data,Regione Sardegna - Strutture sanitarie
1993,Ospedale Brotzu,Piazzale Alessandro Ricchi 1,Cagliari,,392,Ospedale Pubblico,070 5391,,,4.1,,,,,,,,,,39.24866275,9.108548659850051,True,Sardegna Open Data,Regione Sardegna - Strutture sanitarie
1995,Policlinico Duilio Casula,SS 554,Monserrato,,392,Ospedale Pubblico,070 51096500,,,3.9,,,,,,,,,,39.266630776098985,9.139843537088849,True,Sardegna Open Data,Regione Sardegna - Strutture sanitarie
1996,Ospedale Marino,Lungomare Poetto,Cagliari,,392,Ospedale Pubblico,070 609 2900,,,5.0,,,,,,,,,,39.2030697,9.1621509,True,Sardegna Open Data,Regione Sardegna - Strutture sanitarie
1997,Ospedale Santissima Trinita,Via Is Mirrionis 92,Cagliari,,392,Ospedale Pubblico,070 6091,,,4.3,,,,,,,,,,39.23605,9.1078481,True,Sardegna Open Data,Regione Sardegna - Strutture sanitarie
1998,Ospedale San Carlo,Via Potito Petrone,Potenza,,393,Ospedale Pubblico,0971 61111,,,3.2,3.0,3.0,3.0,3.0,3.0,3.0,1.0,3.0,,40.65333351468534,15.803828805594824,True,Basilicata Open Data,Regione Basilicata - Strutture sanitarie
2013,Ospedale Santa Maria della Misericordia,Piazzale Santa Maria della Misericordia 15,Udine,,396,Ospedale Pubblico,0432 5521,,,4.2,,,,,,,,,,46.0776588,13.230585944112146,True,Friuli-Venezia Giulia Open Data,Regione Friuli-Venezia Giulia - Strutture sanitarie
2014,Ospedale Santa Maria degli Angeli,Via Montereale 24,Pordenone,,396,Ospedale Pubblico,0434 3991,,,3.7,,,,,,,,,,45.969011050000006,12.653883642163592,True,Friuli-Venezia Giulia Open Data,Regione Friuli-Venezia Giulia - Strutture sanitarie
2015,Ospedale San Polo,Via Galvani 1,Monfalcone,,396,Ospedale Pubblico,0481 4871,,,4.5,,,,,,,,,,45.81584775,13.519127969439662,True,Friuli-Venezia Giulia Open Data,Regione Friuli-Venezia Giulia - Strutture sanitarie
2016,Ospedale di Cattinara,Strada di Fiume 447,Trieste,,396,Ospedale Pubblico,040 3991111,,,3.8,,,,,,,,,,45.63356505,13.827525267283214,True,Friuli-Venezia Giulia Open Data,Regione Friuli-Venezia Giulia - Strutture sanitarie
2017,Ospedale Maggiore,Piazza dell'Ospitale 1,Trieste,,396,Ospedale Pubblico,040 3992334,,,4.5,,,,,,,,,,45.6495752,13.782074876503621,True,Friuli-Venezia Giulia Open Data,Regione Friuli-Venezia Giulia - Strutture sanitarie
2019,Ospedale San Daniele,Viale Trento Trieste 33,San Daniele del Friuli,,396,Ospedale Pubblico,0432 9491,,,4.5,,,,,,,,,,46.1543425,13.0099049,True,Friuli-Venezia Giulia Open Data,Regione Friuli-Venezia Giulia - Strutture sanitarie
2020,Ospedale di Palmanova,Via Natisone,Palmanova,,396,Ospedale Pubblico,0432 921211,,,4.0,,,,,,,,,,45.9104214867688,13.335833660252623,True,Friuli-Venezia Giulia Open Data,Regione Friuli-Venezia Giulia - Strutture sanitarie
2021,Ospedale di Monfalcone,Via Galvani 1,Monfalcone,,396,Ospedale Pubblico,0481 4871,,,3.8,,,,,,,,,,45.81584775,13.519127969439662,True,Friuli-Venezia Giulia Open Data,Regione Friuli-Venezia Giulia - Strutture sanitarie
1991,Ospedale Giovanni Paolo II,Via Giuseppe Brotzu,Olbia,,392,Ospedale Pubblico,0789 552200,,,4.4,,,,,,,,,,39.20042383002961,9.07047164415839,True,Sardegna Open Data,Regione Sardegna - Strutture sanitarie
1992,Ospedale San Martino,Via Rockefeller,Oristano,,392,Ospedale Pubblico,0783 317211,,,4.8,3.0,3.0,1.0,1.0,3.0,3.0,1.0,3.0,,39.22461201698808,9.070198754746762,True,Sardegna Open Data,Regione Sardegna - Strutture sanitarie
2000,Ospedale di Lagonegro,Via Piano dei Lippi,Lagonegro,,393,Ospedale Pubblico,0973 48111,,,4.2,3.0,3.0,1.0,1.0,3.0,3.0,1.0,3.0,,40.60710487115934,15.817514051405684,True,Basilicata Open Data,Regione Basilicata - Strutture sanitarie
1822,"Ospedale Generale Regionale ""F. Miulli""",Strada Provinciale Acquaviva-Santeramo,Acquaviva delle Fonti,,377,Struttura Sanitaria,080 3054111,,,2.8,,,,,,,,,,40.86396715,16.79889455,True,Puglia Open Data,Regione Puglia - Anagrafe strutture sanitarie - IODL 2.0
1823,"Ospedale ""Di Venere""",Via Ospedale Di Venere 1,Bari,,377,Struttura Sanitaria,080 5015111,,,2.8,,,,,,,,,,41.0745899,16.869859,True,Puglia Open Data,Regione Puglia - Anagrafe strutture sanitarie - IODL 2.0
1826,Centro Medico San Giovanni,Corso Italia 45,Brindisi,,377,Struttura Sanitaria,083 2284512,,,2.7,,,,,,,,,,40.813209016268246,17.41341506441059,True,Puglia Open Data,Regione Puglia - Anagrafe strutture sanitarie - IODL 2.0
1827,Clinica Villa Bianca,Via Roma 128,Lecce,,377,Struttura Sanitaria,083 2395871,,,2.9,,,,,,,,,,40.17456810004147,18.162411893761274,True,Puglia Open Data,Regione Puglia - Anagrafe strutture sanitarie - IODL 2.0
1829,Centro Diagnostico Puglia,Via Napoli 37,Barletta,,377,Struttura Sanitaria,088 3571289,,,4.1,,,,,,,,,,41.31639797584038,16.272255668242803,True,Puglia Open Data,Regione Puglia - Anagrafe strutture sanitarie - IODL 2.0
1830,"Istituto Tumori ""Giovanni Paolo II""",Viale Orazio Flacco 65,Bari,,377,Struttura Sanitaria,080 5555111,,,4.8,,,,,,,,,,41.11183551930563,16.862751336257368,True,Puglia Open Data,Regione Puglia - Anagrafe strutture sanitarie - IODL 2.0
1832,"Ospedale ""SS. Annunziata""",Via Bruno 1,Taranto,,377,Struttura Sanitaria,099 4585111,,,3.1,,,,,,,,,,40.41275620977023,17.220979453574145,True,Puglia Open Data,Regione Puglia - Anagrafe strutture sanitarie - IODL 2.0
1833,"Ospedale ""Casa Sollievo della Sofferenza""",Viale Cappuccini,San Giovanni Rotondo,,377,Struttura Sanitaria,0882 4101,,,4.6,,,,,,,,,,41.70695898983593,15.72112481814715,True,Puglia Open Data,Regione Puglia - Anagrafe strutture sanitarie - IODL 2.0
1840,Ospedale di Cavalese,Via Dossi 17,Cavalese,,378,Ospedale Pubblico,0462 242111,ospedale.cavalese@apss.tn.it,,3.7,,,,,,,,,,46.28888751001348,11.454638351286015,True,Trentino Open Data,Provincia Autonoma di Trento - Strutture sanitarie - CC-BY
1843,Centro Sanitario San Giovanni,Via Trento 42,Predazzo,,378,Centro Sanitario,0462 501111,info@csangiovanni.it,,3.7,,,,,,,,,,46.3094507,11.60182745,True,Trentino Open Data,Provincia Autonoma di Trento - Strutture sanitarie - CC-BY
1844,Villa Bianca,Via Piave 78,Arco,,378,Casa di Cura,0464 579111,info@villabianca.it,,2.6,,,,,,,,,,45.9009116200227,10.867264406975728,True,Trentino Open Data,Provincia Autonoma di Trento - Strutture sanitarie - CC-BY
1846,Azienda Ospedaliero Universitaria Careggi,Largo Brambilla 3,Firenze,,379,"Ospedale Universitario, Cardiologia, Neurologia, Oncologia, Chirurgia",055 794111,,,4.3,,,,,,,,,,43.8034891,11.2458706,True,Toscana Open Data,Regione Toscana - Strutture ospedaliere - CC-BY
1850,Centro Medico Fiorentino,Via del Pergolino 4,Firenze,,379,"Centro Medico, Ambulatorio, Diagnostica, Fisioterapia",055 4296111,,,4.7,,,,,,,,,,43.8039543,11.2502294,True,Toscana Open Data,Regione Toscana - Strutture ospedaliere - CC-BY
1852,Ospedale San Donato,Via Pietro Nenni 20,Arezzo,,379,"Ospedale Pubblico, Medicina Generale, Cardiologia, Chirurgia",0575 2551,,,2.6,,,,,,,,,,43.4614873,11.86714136824408,True,Toscana Open Data,Regione Toscana - Strutture ospedaliere - CC-BY
1853,Policlinico Le Scotte,Viale Mario Bracci 16,Siena,,379,"Policlinico Universitario, Medicina Generale, Ginecologia, Ostetricia, Neurologia",0577 585111,,,3.1,,,,,,,,,,43.343567050000004,11.32967326114004,True,Toscana Open Data,Regione Toscana - Strutture ospedaliere - CC-BY
1854,Centro Oncologico Toscano,Via Toscana 28,Prato,,379,"Centro Specializzato, Oncologia, Radioterapia, Diagnostica",0574 434111,,,4.8,,,,,,,,,,43.85553085,11.06972765,True,Toscana Open Data,Regione Toscana - Strutture ospedaliere - CC-BY
1825,"Ospedale ""San Paolo""",Via Caposcardicchio 1,Bari,,377,Struttura Sanitaria,080 5843111,,,4.0,,,,,,,,,,41.11791985579309,16.856626756229183,True,Puglia Open Data,Regione Puglia - Anagrafe strutture sanitarie - IODL 2.0
1831,"Ospedale ""Perrino""",Strada Statale 7 per Mesagne,Brindisi,,377,Struttura Sanitaria,0831 537111,,,2.5,,,,,,,,,,41.10820528728129,16.884086948566214,True,Puglia Open Data,Regione Puglia - Anagrafe strutture sanitarie - IODL 2.0
1838,Ospedale Villa Rosa,Via Degasperi 31,Pergine Valsugana,,378,Ospedale Pubblico Riabilitativo,0461 515111,info@villarosa.it,,4.2,,,,,,,,,,41.91074302633698,12.502519154289322,True,Trentino Open Data,Provincia Autonoma di Trento - Strutture sanitarie - CC-BY
1841,Ospedale di Cles,Viale Degasperi 41,Cles,,378,Ospedale Pubblico,0463 660111,ospedale.cles@apss.tn.it,,3.3,,,,,,,,,,41.91897723789932,12.449369571668452,True,Trentino Open Data,Provincia Autonoma di Trento - Strutture sanitarie - CC-BY
1842,Ospedale di Arco,Via delle Palme 3,Arco,,378,Ospedale Pubblico,0464 582222,ospedale.arco@apss.tn.it,,3.7,,,,,,,,,,41.91313794477323,12.503134370677234,True,Trentino Open Data,Provincia Autonoma di Trento - Strutture sanitarie - CC-BY
1845,Ospedale San Lorenzo,Via Padova 10,Borgo Valsugana,,378,Ospedale Pubblico,0461 755111,ospedale.borgo@apss.tn.it,,4.7,,,,,,,,,,41.905288789634014,12.458867737599164,True,Trentino Open Data,Provincia Autonoma di Trento - Strutture sanitarie - CC-BY
1855,Ospedale San Giovanni di Dio,Via di Torregalli 3,Firenze,,379,"Ospedale Pubblico, Medicina Generale, Cardiologia, Chirurgia",055 69321,,,4.8,,,,,,,,,,43.7587108,11.203247,True,Toscana Open Data,Regione Toscana - Strutture ospedaliere - CC-BY
1856,Ospedale San Giuseppe,Viale Boccaccio 16,Empoli,,379,"Ospedale Pubblico, Medicina Generale, Ortopedia, Cardiologia",0571 7051,,,3.1,3.0,3.0,1.0,1.0,3.0,3.0,1.0,3.0,,43.723541597215274,10.928781532159576,True,Toscana Open Data,Regione Toscana - Strutture ospedaliere - CC-BY
1868,IDI - Istituto Dermopatico dell'Immacolata,Via dei Monti di Creta 104,Roma,,380,Istituto Dermatologico,06 66461,,,4.1,1.0,1.0,1.0,1.0,1.0,1.0,1.0,1.0,,41.9012328,12.430288071765975,True,Salute Lazio,Regione Lazio - Strutture sanitarie
1910,Ospedale Antonio Cardarelli,Via Antonio Cardarelli 9,Napoli,,384,Ospedale Pubblico,081 747 1111,,,4.0,4.0,4.0,1.0,3.0,4.0,4.0,1.0,4.0,Strong in cardiology.,40.8657757,14.2221195,True,Campania Open Data,Regione Campania - Strutture sanitarie
1911,Policlinico Federico II,Via Sergio Pansini 5,Napoli,,384,Policlinico Universitario,081 746 1111,,,4.3,3.0,3.0,1.0,3.0,3.0,3.0,1.0,3.0,,40.86576657978325,14.221933642602735,True,Campania Open Data,Regione Campania - Strutture sanitarie
1912,Ospedale del Mare,Via Enrico Russo,Napoli,,384,Ospedale Pubblico,081 187 2111,,,4.4,3.0,3.0,1.0,1.0,3.0,3.0,1.0,3.0,,40.850853515478974,14.343327654246888,True,Campania Open Data,Regione Campania - Strutture sanitarie
1913,AORN Dei Colli - Monaldi,Via Leonardo Bianchi,Napoli,,384,Ospedale Pubblico,081 706 2111,,,3.3,4.0,3.0,1.0,3.0,4.0,4.0,1.0,1.0,Strong in cardiology.,40.866096999561954,14.216377468547515,True,Campania Open Data,Regione Campania - Strutture sanitarie
1915,Ospedale Santobono,Via Mario Fiore 6,Napoli,,384,Ospedale Pediatrico,081 755 6111,,,3.5,1.0,1.0,1.0,1.0,1.0,1.0,4.0,1.0,,40.8490293687633,14.231021390788023,True,Campania Open Data,Regione Campania - Strutture sanitarie
1918,Azienda Ospedaliera San Sebastiano,Via Palasciano,Caserta,,384,Ospedale Pubblico,0823 232 111,,,4.1,3.0,3.0,1.0,3.0,3.0,3.0,1.0,3.0,,41.10688566551412,14.211595302025678,True,Campania Open Data,Regione Campania - Strutture sanitarie
1920,Casa di Cura Villa dei Fiori,Corso Italia 157,Acerra,,384,Ospedale Privato,081 361 9111,,,3.6,3.0,3.0,1.0,1.0,3.0,3.0,1.0,3.0,,40.93579665,14.36741646728579,True,Campania Open Data,Regione Campania - Strutture sanitarie
1921,Clinica Mediterranea,Via Orazio 2,Napoli,,384,Ospedale Privato,081 764 0111,,,3.5,3.0,3.0,1.0,1.0,3.0,3.0,1.0,3.0,,40.827096100000006,14.218960997909669,True,Campania Open Data,Regione Campania - Strutture sanitarie
1955,Ospedale San Salvatore,Via Lorenzo Natali,L'Aquila,,388,Ospedale Pubblico,0862 3681,,,4.7,4.0,4.0,1.0,4.0,4.0,4.0,1.0,4.0,Strong in cardiology.,42.36850885,13.3566981,True,Abruzzo Open Data,Regione Abruzzo - Strutture sanitarie
1957,Ospedale Spirito Santo,Via Fonte Romana 8,Pescara,,388,Ospedale Pubblico,085 4251,,,4.9,4.0,4.0,1.0,4.0,4.0,4.0,1.0,4.0,Strong in cardiology.,42.463801399999994,14.197452410226827,True,Abruzzo Open Data,Regione Abruzzo - Strutture sanitarie
1958,Ospedale G. Mazzini,Piazza Italia 1,Teramo,,388,Ospedale Pubblico,0861 4291,,,4.9,4.0,4.0,1.0,4.0,4.0,4.0,1.0,4.0,Strong in cardiology.,42.6468299,14.039596030058565,True,Abruzzo Open Data,Regione Abruzzo - Strutture sanitarie
1961,Ospedale San Massimo,Via Francia,Penne,,388,Ospedale Pubblico,085 8276111,,,4.0,1.0,3.0,1.0,1.0,3.0,3.0,1.0,3.0,,42.45543816963273,13.917529444184552,True,Abruzzo Open Data,Regione Abruzzo - Strutture sanitarie
1963,Ospedale Maria SS. dello Splendore,Via Vittorio Veneto 2,Giulianova,,388,Ospedale Pubblico,085 80211,,,4.3,4.0,4.0,1.0,1.0,4.0,4.0,1.0,4.0,Strong in cardiology.,42.7465582,13.9629313,True,Abruzzo Open Data,Regione Abruzzo - Strutture sanitarie
1983,Grande Ospedale Metropolitano,Via Giuseppe Melacrino,Reggio Calabria,,391,Ospedale Pubblico,0965 397111,,,2.9,3.0,3.0,1.0,3.0,3.0,3.0,1.0,3.0,,38.113691748145364,15.656632286394636,True,Calabria Open Data,Regione Calabria - Strutture sanitarie
2003,Ospedale di Policoro,Via Puglia,Policoro,,393,Ospedale Pubblico,0835 986111,,,4.5,4.0,4.0,1.0,1.0,4.0,4.0,4.0,4.0,Strong in cardiology.,40.20936938735642,16.673427437449387,True,Basilicata Open Data,Regione Basilicata - Strutture sanitarie
1857,Ospedale SS. Cosma e Damiano,Via Provinciale Lucchese 248,Pescia,,379,"Ospedale Pubblico, Medicina Generale, Ortopedia, Urologia",0572 4601,,,4.4,3.0,3.0,1.0,1.0,3.0,3.0,1.0,3.0,,43.77165170042511,11.258941225834555,True,Toscana Open Data,Regione Toscana - Strutture ospedaliere - CC-BY
1834,Ospedale Santa Chiara,Largo Medaglie d'Oro 9,Trento,,378,Ospedale Pubblico,0461 903111,info@ospedalesc.it,,3.3,4.0,4.0,1.0,3.0,4.0,4.0,1.0,4.0,Strong in orthopedics.,46.05631425,11.133282310783793,True,Trentino Open Data,Provincia Autonoma di Trento - Strutture sanitarie - CC-BY
1835,Ospedale San Camillo,Via Giovanelli 19,Trento,,378,Ospedale Privato,0461 216111,info@sancamillo.org,,3.9,3.0,3.0,1.0,1.0,3.0,3.0,1.0,3.0,,46.064973699999996,11.132049068210154,True,Trentino Open Data,Provincia Autonoma di Trento - Strutture sanitarie - CC-BY
1837,Centro Medico Trentino,Via Gocciadoro 82,Trento,,378,Centro Medico,0461 374100,info@centromedtn.it,,3.7,1.0,1.0,1.0,1.0,1.0,1.0,1.0,1.0,,46.05555225,11.13178456563207,True,Trentino Open Data,Provincia Autonoma di Trento - Strutture sanitarie - CC-BY
1839,Poliambulatorio Montebello,Via Montebello 6,Trento,,378,Poliambulatorio,0461 903400,info@montebello.it,,2.9,1.0,1.0,1.0,1.0,1.0,1.0,1.0,1.0,,46.0497822,11.4629531,True,Trentino Open Data,Provincia Autonoma di Trento - Strutture sanitarie - CC-BY
1847,Ospedale Santa Maria Nuova,Piazza Santa Maria Nuova 1,Firenze,,379,"Ospedale Pubblico, Medicina Generale, Ginecologia, Pediatria",055 693111,,,4.9,3.0,3.0,1.0,1.0,3.0,3.0,1.0,3.0,,43.7733491,11.2598264,True,Toscana Open Data,Regione Toscana - Strutture ospedaliere - CC-BY
1849,Azienda Ospedaliero Universitaria Pisana,Via Roma 67,Pisa,,379,"Ospedale Universitario, Medicina Generale, Cardiologia, Oncologia",050 992111,,,5.0,5.0,4.0,4.0,4.0,4.0,4.0,1.0,4.0,Strong in cardiology.,43.7217648,10.39565018281526,True,Toscana Open Data,Regione Toscana - Strutture ospedaliere - CC-BY
1851,Ospedale Misericordia,Via Senese 161,Grosseto,,379,"Ospedale Pubblico, Medicina Generale, Ortopedia, Urologia",0564 483111,,,4.8,4.0,4.0,3.0,3.0,4.0,4.0,1.0,4.0,Strong in cardiology.,42.7759295,11.1255629,True,Toscana Open Data,Regione Toscana - Strutture ospedaliere - CC-BY
1858,Policlinico Umberto I,Viale del Policlinico 155,Roma,,380,Policlinico Universitario,06 49971,,,4.6,4.0,4.0,4.0,4.0,4.0,4.0,1.0,4.0,Strong in oncology.,41.906457,12.512125470238594,True,Salute Lazio,Regione Lazio - Strutture sanitarie
1859,Ospedale San Giovanni Addolorata,Via dell'Amba Aradam 9,Roma,,380,Ospedale Pubblico,06 77051,,,4.7,4.0,5.0,4.0,4.0,4.0,4.0,1.0,4.0,Outstanding in orthopedics​,41.88440793827359,12.501150361557979,True,Salute Lazio,Regione Lazio - Strutture sanitarie
1860,Ospedale San Camillo-Forlanini,Circonvallazione Gianicolense 87,Roma,,380,Ospedale Pubblico,06 58701,,,3.3,4.0,4.0,4.0,4.0,4.0,4.0,1.0,4.0,Strong in oncology.,41.8690936,12.45654314445607,True,Salute Lazio,Regione Lazio - Strutture sanitarie
1861,Policlinico Gemelli,Largo Agostino Gemelli 8,Roma,,380,Policlinico Universitario,06 30151,,,4.7,5.0,4.0,5.0,4.0,4.0,4.0,4.0,4.0,Excels in cardiology​,41.9315345,12.429439310537084,True,Salute Lazio,Regione Lazio - Strutture sanitarie
1862,Ospedale Sant'Eugenio,Piazzale dell'Umanesimo 10,Roma,,380,Ospedale Pubblico,06 51001,,,4.8,4.0,4.0,1.0,1.0,4.0,4.0,1.0,4.0,Strong in cardiology.,41.821245000000005,12.472056543839061,True,Salute Lazio,Regione Lazio - Strutture sanitarie
1863,Ospedale San Filippo Neri,Via Giovanni Martinotti 20,Roma,,380,Ospedale Pubblico,06 33061,,,4.7,4.0,3.0,1.0,3.0,4.0,4.0,1.0,4.0,,41.9477432,12.413632641848777,True,Salute Lazio,Regione Lazio - Strutture sanitarie
1864,Ospedale Sandro Pertini,Via dei Monti Tiburtini 385,Roma,,380,Ospedale Pubblico,06 41431,,,4.2,4.0,5.0,1.0,3.0,4.0,4.0,1.0,4.0,Strong in orthopedics.,41.92064825,12.540323640935883,True,Salute Lazio,Regione Lazio - Strutture sanitarie
1866,Ospedale Sant'Andrea,Via di Grottarossa 1035,Roma,,380,Ospedale Universitario,06 33771,,,4.4,4.0,4.0,4.0,4.0,4.0,4.0,1.0,4.0,Strong in oncology.,41.98307765,12.470377557191146,True,Salute Lazio,Regione Lazio - Strutture sanitarie
1867,Ospedale Pediatrico Bambino Gesu,Piazza Sant'Onofrio 4,Roma,,380,Ospedale Pediatrico,06 68591,,,3.4,3.0,1.0,1.0,3.0,3.0,1.0,5.0,1.0,Outstanding in pediatrics​,41.897076,12.460704407887675,True,Salute Lazio,Regione Lazio - Strutture sanitarie
1869,Ospedale Spallanzani,Via Portuense 292,Roma,,380,Istituto Specializzato Malattie Infettive,06 55170,,,4.2,1.0,1.0,1.0,1.0,1.0,1.0,1.0,1.0,,41.866102049999995,12.457973747493792,True,Salute Lazio,Regione Lazio - Strutture sanitarie
1875,Humanitas Research Hospital,Via Manzoni 56,Rozzano,,381,IRCCS Privato,02 82241,info@humanitas.it,,4.7,5.0,5.0,4.0,4.0,4.0,4.0,1.0,4.0,Excels in cardiology​,45.37248155,9.167665691688873,True,Lombardia Open Data,Regione Lombardia - Elenco delle strutture sanitarie accreditate
1951,Ospedale Santa Corona,Via XXV Aprile 38,Pietra Ligure,,387,Ospedale Pubblico,019 62301,,,4.9,3.0,5.0,1.0,1.0,3.0,3.0,1.0,3.0,Strong in orthopedics.,44.1440952,8.273628,True,Liguria Open Data,Regione Liguria - Strutture sanitarie
1953,Ospedale Sant'Andrea,Via Vittorio Veneto 197,La Spezia,,387,Ospedale Pubblico,0187 5331,,,2.6,3.0,3.0,1.0,1.0,3.0,3.0,1.0,3.0,,44.112487900000005,9.83141582743211,True,Liguria Open Data,Regione Liguria - Strutture sanitarie
1954,Ospedale di Sanremo,Via Giovanni Borea 56,Sanremo,,387,Ospedale Pubblico,0184 5361,,,3.6,3.0,3.0,1.0,1.0,3.0,3.0,1.0,3.0,,43.8232871,7.7796818,True,Liguria Open Data,Regione Liguria - Strutture sanitarie
1828,"Ospedale ""Vito Fazzi""",Piazzetta Filippo Muratore,Lecce,,377,Struttura Sanitaria,0832 661111,,,2.7,3.0,3.0,1.0,1.0,3.0,3.0,1.0,3.0,,41.12114637619904,16.83996901028511,True,Puglia Open Data,Regione Puglia - Anagrafe strutture sanitarie - IODL 2.0
1836,Clinica Solatrix,Via Bellenzani 11,Rovereto,,378,Clinica Privata,0464 491111,info@solatrix.it,,4.9,1.0,1.0,1.0,1.0,1.0,1.0,1.0,1.0,,41.90129510333247,12.472322289559488,True,Trentino Open Data,Provincia Autonoma di Trento - Strutture sanitarie - CC-BY
2025,Ospedale di Polistena,Via Montegrappa,Polistena,89024,391,Ospedale Pubblico,0966 933111,urp.polistena@asprc.it,,2.8,3.0,3.0,2.0,2.0,3.0,3.0,3.0,3.0,Centro ospedaliero importante per la Piana di Gioia Tauro,38.40903433253189,16.076669102606573,True,medical_facilities_from_txt.json,Dati Pubblici Regionali
2026,Ospedale di Soverato,Via Amirante,Soverato,88068,391,Ospedale Pubblico,0967 539111,ospedale.soverato@aocatanzaro.it,,2.5,2.5,2.5,2.0,2.0,2.5,2.5,2.5,2.5,Servizio sanitario per l'area ionica catanzarese,38.68128134525371,16.555038092748504,True,medical_facilities_from_txt.json,Dati Pubblici Regionali
2027,Ospedale Ruggi D'Aragona,"Via San Leonardo, 1",Salerno,84131,384,Ospedale Pubblico,089 671111,urp@sangiovannieruggi.it,,3.5,4.0,3.5,3.5,3.5,3.5,3.5,3.5,3.5,"Ospedale di riferimento per il Sud della Campania, con elevati standard di assistenza per le patologie cardiovascolari",40.655189899999996,14.81370055839124,True,medical_facilities_from_txt.json,Dati Pubblici Regionali
1865,Ospedale Regina Apostolorum,Via San Francesco 50,Albano Laziale,,380,Ospedale Privato Convenzionato,06 932981,,,4.6,1.0,1.0,1.0,1.0,1.0,1.0,1.0,1.0,,41.89062722982971,12.482185841910654,True,Salute Lazio,Regione Lazio - Strutture sanitarie
1824,Policlinico di Bari,Piazza Giulio Cesare 11,Bari,,377,Struttura Sanitaria,080 5592111,,,3.8,4.0,4.0,4.0,4.0,4.0,4.0,1.0,4.0,Strong in multiple specialties.,41.111642700000004,16.859452187652014,True,Puglia Open Data,Regione Puglia - Anagrafe strutture sanitarie - IODL 2.0
1848,Ospedale Pediatrico Meyer,Viale Pieraccini 24,Firenze,,379,"Ospedale Pediatrico, Neuropsichiatria Infantile, Chirurgia Pediatrica",055 5662111,,,3.1,1.0,1.0,1.0,1.0,1.0,1.0,5.0,1.0,High-ranking pediatric hospital​,43.8102004,11.252473482297194,True,Toscana Open Data,Regione Toscana - Strutture ospedaliere - CC-BY
1878,Istituto Ortopedico Galeazzi,Via Riccardo Galeazzi 4,Milano,,381,IRCCS Privato,02 6621,info.iog@grupposandonato.it,,4.8,1.0,5.0,1.0,1.0,4.0,4.0,1.0,4.0,Outstanding in orthopedics​,45.5233298,9.1736538,True,Lombardia Open Data,Regione Lombardia - Elenco delle strutture sanitarie accreditate
1914,AORN Dei Colli - Cotugno,Via Gaetano Quagliariello 54,Napoli,,384,Ospedale Pubblico,081 590 8111,,,3.4,1.0,1.0,1.0,1.0,3.0,3.0,1.0,1.0,,40.799263982035576,14.202162364665972,True,Campania Open Data,Regione Campania - Strutture sanitarie
1919,Ospedale San Leonardo,Via Sant'Anna,Castellammare di Stabia,,384,Ospedale Pubblico,081 872 1111,,,3.8,3.0,3.0,1.0,1.0,3.0,3.0,1.0,3.0,,40.81532960794544,14.293331231253,True,Campania Open Data,Regione Campania - Strutture sanitarie
1930,Ospedale di Verona Borgo Roma,Piazzale L.A. Scuro 10,Verona,,385,Ospedale Pubblico,045 812 1111,urp@aovr.veneto.it,,4.5,,,,,,,,,,45.473258725616,12.273756676408036,True,Veneto Open Data,Regione Veneto - Strutture sanitarie
1959,Ospedale Renzetti,Via Rindertorfer,Lanciano,,388,Ospedale Pubblico,0872 706111,,,3.3,3.0,3.0,1.0,1.0,3.0,3.0,1.0,3.0,,42.37489655517654,13.426465014512813,True,Abruzzo Open Data,Regione Abruzzo - Strutture sanitarie
1984,Ospedale Giovanni Paolo II,Viale Pio X,Lamezia Terme,,391,Ospedale Pubblico,0968 2081,,,4.2,3.0,3.0,1.0,3.0,3.0,3.0,1.0,3.0,,38.94353324051081,16.606860769409007,True,Calabria Open Data,Regione Calabria - Strutture sanitarie
1986,Ospedale di Lamezia Terme,Via Sen. Arturo Perugini,Lamezia Terme,,391,Ospedale Pubblico,0968 2081,,,3.0,,,,,,,,,,38.894484565871366,16.56332046647974,True,Calabria Open Data,Regione Calabria - Strutture sanitarie
1916,Ospedale Rummo,Via dell'Angelo 1,Benevento,,384,Ospedale Pubblico,0824 571 11,,,4.3,3.0,3.0,1.0,3.0,3.0,3.0,1.0,3.0,,41.12567476857535,14.798485135548981,True,Campania Open Data,Regione Campania - Strutture sanitarie
1982,Azienda Ospedaliera di Cosenza,Via San Martino,Cosenza,,391,Ospedale Pubblico,0984 6811,,,3.6,2.0,2.0,1.0,2.0,2.0,2.0,1.0,3.0,,39.29282989414266,16.254475293919025,True,Calabria Open Data,Regione Calabria - Strutture sanitarie
2022,Ospedale T. E. O. Marianna G.,"Via Giuseppe Melacrino, 21",Reggio Calabria,89124,391,Ospedale Pubblico,0965 397111,urp.spoke@ospedalereggiocalabria.it,,3.0,3.0,3.0,1.0,1.0,3.0,3.0,1.0,3.0,,38.113691748145364,15.656632286394636,True,medical_facilities_from_txt.json,Dati Pubblici Regionali
2023,Ospedale Jazzolino,Via Dante Alighieri,Vibo Valentia,89900,391,Ospedale Pubblico,0963 962111,urp.vibovalentia@asvvb.it,,2.8,3.0,3.0,2.0,2.0,3.0,3.0,2.0,3.0,Punto di riferimento per il territorio vibonese,38.6764361044193,16.09353765054255,True,medical_facilities_from_txt.json,Dati Pubblici Regionali
2024,Ospedale San Giovanni di Dio,Via Bologna,Crotone,88900,391,Ospedale Pubblico,0962 924111,info.crotone@asp.crotone.it,,2.5,2.5,3.0,2.0,2.0,2.5,2.5,2.0,3.0,Servizio sanitario attivo per la provincia di Crotone,39.07893794982995,17.118826745554024,True,medical_facilities_from_txt.json,Dati Pubblici Regionali
1999,Ospedale Madonna delle Grazie,Contrada Cattedra Ambulante,Matera,,393,Ospedale Pubblico,0835 253111,,,2.7,3.0,3.0,1.0,3.0,3.0,3.0,1.0,3.0,,40.62453760962185,15.829588095417334,True,Basilicata Open Data,Regione Basilicata - Strutture sanitarie
2001,Ospedale di Villa d'Agri,Via Sant'Elia,Villa d'Agri,,393,Ospedale Pubblico,0975 312111,,,4.7,4.0,4.0,1.0,1.0,4.0,4.0,1.0,4.0,Strong in cardiology.,40.60385663831905,15.79631969753457,True,Basilicata Open Data,Regione Basilicata - Strutture sanitarie
2007,Ospedale SS. Rosario,Via San Giovanni in Golfo,Venafro,,394,Ospedale Pubblico,0865 9031,,,3.8,1.0,1.0,1.0,1.0,1.0,1.0,1.0,1.0,,41.54939085900629,14.705689284020739,True,Molise Open Data,Regione Molise - Strutture sanitarie
2008,Ospedale G. Vietri,Fondovalle Trigno,Larino,,394,Ospedale Pubblico,0874 8281,,,5.0,,,,,,,,,,41.52575912643798,14.639244476739808,True,Molise Open Data,Regione Molise - Strutture sanitarie
2011,Ospedale Beauregard,Via L. Vaccari 5,Aosta,,395,Ospedale Pubblico,0165 5451,,,2.6,,,,,,,,,,45.6984601608301,7.362597214812368,True,Valle d'Aosta Open Data,Regione Valle d'Aosta - Strutture sanitarie
2012,Clinica di Saint-Pierre,Localit Breyan 1,Saint-Pierre,,395,Clinica Privata,0165 922900,,,4.6,,,,,,,,,,45.70041723740852,7.328276342231265,True,Valle d'Aosta Open Data,Regione Valle d'Aosta - Strutture sanitarie
2018,Ospedale San Giovanni di Dio,Via Piranella 2,Gorizia,,396,Ospedale Pubblico,0481 5921,,,3.9,,,,,,,,,,45.60907939117298,13.777623482485359,True,Friuli-Venezia Giulia Open Data,Regione Friuli-Venezia Giulia - Strutture sanitarie
